CodigoNacional;NombreEstacion;Latitud;Altura;Año;Mes;Dia;T.Maxima;T.Minima
180005;Chacalluta, Arica Ap.;18&deg 21' 5'' S;63;2016;01;01;20.6;24.4
180005;Chacalluta, Arica Ap.;18&deg 21' 5'' S;63;2016;01;02;21.3;25.1
180005;Chacalluta, Arica Ap.;18&deg 21' 5'' S;63;2016;01;03;19.0;24.8
180005;Chacalluta, Arica Ap.;18&deg 21' 5'' S;63;2016;01;04;18.1;25.0
180005;Chacalluta, Arica Ap.;18&deg 21' 5'' S;63;2016;01;05;21.5;25.6
180005;Chacalluta, Arica Ap.;18&deg 21' 5'' S;63;2016;01;06;19.3;25.4
180005;Chacalluta, Arica Ap.;18&deg 21' 5'' S;63;2016;01;07;19.6;25.9
180005;Chacalluta, Arica Ap.;18&deg 21' 5'' S;63;2016;01;08;21.9;26.2
180005;Chacalluta, Arica Ap.;18&deg 21' 5'' S;63;2016;01;09;21.5;25.4
180005;Chacalluta, Arica Ap.;18&deg 21' 5'' S;63;2016;01;10;21.5;25.9
180005;Chacalluta, Arica Ap.;18&deg 21' 5'' S;63;2016;01;11;21.4;25.3
180005;Chacalluta, Arica Ap.;18&deg 21' 5'' S;63;2016;01;12;21.0;25.2
180005;Chacalluta, Arica Ap.;18&deg 21' 5'' S;63;2016;01;13;20.0;25.1
180005;Chacalluta, Arica Ap.;18&deg 21' 5'' S;63;2016;01;14;21.0;25.0
180005;Chacalluta, Arica Ap.;18&deg 21' 5'' S;63;2016;01;15;21.1;25.4
180005;Chacalluta, Arica Ap.;18&deg 21' 5'' S;63;2016;01;16;21.1;25.3
180005;Chacalluta, Arica Ap.;18&deg 21' 5'' S;63;2016;01;17;21.6;26.4
180005;Chacalluta, Arica Ap.;18&deg 21' 5'' S;63;2016;01;18;18.4;25.9
180005;Chacalluta, Arica Ap.;18&deg 21' 5'' S;63;2016;01;19;21.1;25.5
180005;Chacalluta, Arica Ap.;18&deg 21' 5'' S;63;2016;01;20;20.1;25.6
180005;Chacalluta, Arica Ap.;18&deg 21' 5'' S;63;2016;01;21;21.3;26.2
180005;Chacalluta, Arica Ap.;18&deg 21' 5'' S;63;2016;01;22;21.1;26.1
180005;Chacalluta, Arica Ap.;18&deg 21' 5'' S;63;2016;01;23;22.0;26.3
180005;Chacalluta, Arica Ap.;18&deg 21' 5'' S;63;2016;01;24;22.1;26.6
180005;Chacalluta, Arica Ap.;18&deg 21' 5'' S;63;2016;01;25;22.0;27.0
180005;Chacalluta, Arica Ap.;18&deg 21' 5'' S;63;2016;01;26;22.2;28.0
180005;Chacalluta, Arica Ap.;18&deg 21' 5'' S;63;2016;01;27;20.9;26.2
180005;Chacalluta, Arica Ap.;18&deg 21' 5'' S;63;2016;01;28;19.7;27.4
180005;Chacalluta, Arica Ap.;18&deg 21' 5'' S;63;2016;01;29;22.5;27.2
180005;Chacalluta, Arica Ap.;18&deg 21' 5'' S;63;2016;01;30;20.9;26.3
180005;Chacalluta, Arica Ap.;18&deg 21' 5'' S;63;2016;01;31;20.8;27.3
200006;Diego Aracena Iquique Ap.;20&deg 32' 23'' S;52;2016;01;01;18.3;23.0
200006;Diego Aracena Iquique Ap.;20&deg 32' 23'' S;52;2016;01;02;19.5;23.7
200006;Diego Aracena Iquique Ap.;20&deg 32' 23'' S;52;2016;01;03;18.4;23.4
200006;Diego Aracena Iquique Ap.;20&deg 32' 23'' S;52;2016;01;04;18.7;23.8
200006;Diego Aracena Iquique Ap.;20&deg 32' 23'' S;52;2016;01;05;20.0;24.9
200006;Diego Aracena Iquique Ap.;20&deg 32' 23'' S;52;2016;01;06;18.8;24.2
200006;Diego Aracena Iquique Ap.;20&deg 32' 23'' S;52;2016;01;07;19.1;24.6
200006;Diego Aracena Iquique Ap.;20&deg 32' 23'' S;52;2016;01;08;20.2;24.7
200006;Diego Aracena Iquique Ap.;20&deg 32' 23'' S;52;2016;01;09;20.9;24.6
200006;Diego Aracena Iquique Ap.;20&deg 32' 23'' S;52;2016;01;10;20.2;24.2
200006;Diego Aracena Iquique Ap.;20&deg 32' 23'' S;52;2016;01;11;20.7;24.7
200006;Diego Aracena Iquique Ap.;20&deg 32' 23'' S;52;2016;01;12;18.9;24.2
200006;Diego Aracena Iquique Ap.;20&deg 32' 23'' S;52;2016;01;13;18.6;24.1
200006;Diego Aracena Iquique Ap.;20&deg 32' 23'' S;52;2016;01;14;18.6;24.3
200006;Diego Aracena Iquique Ap.;20&deg 32' 23'' S;52;2016;01;15;19.2;25.0
200006;Diego Aracena Iquique Ap.;20&deg 32' 23'' S;52;2016;01;16;19.0;25.2
200006;Diego Aracena Iquique Ap.;20&deg 32' 23'' S;52;2016;01;17;21.3;25.1
200006;Diego Aracena Iquique Ap.;20&deg 32' 23'' S;52;2016;01;18;20.3;25.3
200006;Diego Aracena Iquique Ap.;20&deg 32' 23'' S;52;2016;01;19;19.6;24.7
200006;Diego Aracena Iquique Ap.;20&deg 32' 23'' S;52;2016;01;20;20.5;24.9
200006;Diego Aracena Iquique Ap.;20&deg 32' 23'' S;52;2016;01;21;21.9;25.1
200006;Diego Aracena Iquique Ap.;20&deg 32' 23'' S;52;2016;01;22;19.7;25.2
200006;Diego Aracena Iquique Ap.;20&deg 32' 23'' S;52;2016;01;23;21.1;25.9
200006;Diego Aracena Iquique Ap.;20&deg 32' 23'' S;52;2016;01;24;19.2;24.9
200006;Diego Aracena Iquique Ap.;20&deg 32' 23'' S;52;2016;01;25;22.0;26.3
200006;Diego Aracena Iquique Ap.;20&deg 32' 23'' S;52;2016;01;26;21.2;27.2
200006;Diego Aracena Iquique Ap.;20&deg 32' 23'' S;52;2016;01;27;19.9;25.3
200006;Diego Aracena Iquique Ap.;20&deg 32' 23'' S;52;2016;01;28;19.8;25.5
200006;Diego Aracena Iquique Ap.;20&deg 32' 23'' S;52;2016;01;29;20.4;26.4
200006;Diego Aracena Iquique Ap.;20&deg 32' 23'' S;52;2016;01;30;21.7;27.2
200006;Diego Aracena Iquique Ap.;20&deg 32' 23'' S;52;2016;01;31;21.8;26.8
220002;El Loa, Calama Ad.;22&deg 29' 43'' S;2293;2016;01;01;6.2;29.0
220002;El Loa, Calama Ad.;22&deg 29' 43'' S;2293;2016;01;02;5.8;27.5
220002;El Loa, Calama Ad.;22&deg 29' 43'' S;2293;2016;01;03;6.1;26.5
220002;El Loa, Calama Ad.;22&deg 29' 43'' S;2293;2016;01;04;6.0;26.5
220002;El Loa, Calama Ad.;22&deg 29' 43'' S;2293;2016;01;05;5.2;26.1
220002;El Loa, Calama Ad.;22&deg 29' 43'' S;2293;2016;01;06;6.0;27.1
220002;El Loa, Calama Ad.;22&deg 29' 43'' S;2293;2016;01;07;7.5;25.5
220002;El Loa, Calama Ad.;22&deg 29' 43'' S;2293;2016;01;08;7.8;27.5
220002;El Loa, Calama Ad.;22&deg 29' 43'' S;2293;2016;01;09;7.2;29.2
220002;El Loa, Calama Ad.;22&deg 29' 43'' S;2293;2016;01;10;5.6;26.7
220002;El Loa, Calama Ad.;22&deg 29' 43'' S;2293;2016;01;11;6.6;25.5
220002;El Loa, Calama Ad.;22&deg 29' 43'' S;2293;2016;01;12;8.1;25.3
220002;El Loa, Calama Ad.;22&deg 29' 43'' S;2293;2016;01;13;9.2;25.6
220002;El Loa, Calama Ad.;22&deg 29' 43'' S;2293;2016;01;14;6.1;26.3
220002;El Loa, Calama Ad.;22&deg 29' 43'' S;2293;2016;01;15;5.3;28.0
220002;El Loa, Calama Ad.;22&deg 29' 43'' S;2293;2016;01;16;5.3;28.0
220002;El Loa, Calama Ad.;22&deg 29' 43'' S;2293;2016;01;17;8.5;26.5
220002;El Loa, Calama Ad.;22&deg 29' 43'' S;2293;2016;01;18;6.5;25.1
220002;El Loa, Calama Ad.;22&deg 29' 43'' S;2293;2016;01;19;7.2;26.2
220002;El Loa, Calama Ad.;22&deg 29' 43'' S;2293;2016;01;20;7.5;26.7
220002;El Loa, Calama Ad.;22&deg 29' 43'' S;2293;2016;01;21;7.5;27.5
220002;El Loa, Calama Ad.;22&deg 29' 43'' S;2293;2016;01;22;7.1;26.5
220002;El Loa, Calama Ad.;22&deg 29' 43'' S;2293;2016;01;23;6.6;25.7
220002;El Loa, Calama Ad.;22&deg 29' 43'' S;2293;2016;01;24;7.5;27.5
220002;El Loa, Calama Ad.;22&deg 29' 43'' S;2293;2016;01;25;6.6;26.6
220002;El Loa, Calama Ad.;22&deg 29' 43'' S;2293;2016;01;26;6.2;24.2
220002;El Loa, Calama Ad.;22&deg 29' 43'' S;2293;2016;01;27;6.3;25.5
220002;El Loa, Calama Ad.;22&deg 29' 43'' S;2293;2016;01;28;7.2;27.1
220002;El Loa, Calama Ad.;22&deg 29' 43'' S;2293;2016;01;29;6.3;26.2
220002;El Loa, Calama Ad.;22&deg 29' 43'' S;2293;2016;01;30;6.5;25.6
220002;El Loa, Calama Ad.;22&deg 29' 43'' S;2293;2016;01;31;6.3;25.2
230001;Cerro Moreno  Antofagasta  Ap.;23&deg 27' 1'' S;113;2016;01;01;16.9;21.8
230001;Cerro Moreno  Antofagasta  Ap.;23&deg 27' 1'' S;113;2016;01;02;17.8;21.9
230001;Cerro Moreno  Antofagasta  Ap.;23&deg 27' 1'' S;113;2016;01;03;16.6;21.8
230001;Cerro Moreno  Antofagasta  Ap.;23&deg 27' 1'' S;113;2016;01;04;16.5;22.3
230001;Cerro Moreno  Antofagasta  Ap.;23&deg 27' 1'' S;113;2016;01;05;16.9;23.7
230001;Cerro Moreno  Antofagasta  Ap.;23&deg 27' 1'' S;113;2016;01;06;17.6;23.3
230001;Cerro Moreno  Antofagasta  Ap.;23&deg 27' 1'' S;113;2016;01;07;18.0;22.6
230001;Cerro Moreno  Antofagasta  Ap.;23&deg 27' 1'' S;113;2016;01;08;17.8;22.5
230001;Cerro Moreno  Antofagasta  Ap.;23&deg 27' 1'' S;113;2016;01;09;18.2;22.4
230001;Cerro Moreno  Antofagasta  Ap.;23&deg 27' 1'' S;113;2016;01;10;18.5;22.4
230001;Cerro Moreno  Antofagasta  Ap.;23&deg 27' 1'' S;113;2016;01;11;17.2;22.6
230001;Cerro Moreno  Antofagasta  Ap.;23&deg 27' 1'' S;113;2016;01;12;17.0;22.6
230001;Cerro Moreno  Antofagasta  Ap.;23&deg 27' 1'' S;113;2016;01;13;16.6;22.8
230001;Cerro Moreno  Antofagasta  Ap.;23&deg 27' 1'' S;113;2016;01;14;18.3;23.0
230001;Cerro Moreno  Antofagasta  Ap.;23&deg 27' 1'' S;113;2016;01;15;17.3;22.8
230001;Cerro Moreno  Antofagasta  Ap.;23&deg 27' 1'' S;113;2016;01;16;18.5;23.0
230001;Cerro Moreno  Antofagasta  Ap.;23&deg 27' 1'' S;113;2016;01;17;19.3;24.3
230001;Cerro Moreno  Antofagasta  Ap.;23&deg 27' 1'' S;113;2016;01;18;19.1;23.6
230001;Cerro Moreno  Antofagasta  Ap.;23&deg 27' 1'' S;113;2016;01;19;17.3;23.3
230001;Cerro Moreno  Antofagasta  Ap.;23&deg 27' 1'' S;113;2016;01;20;17.3;23.7
230001;Cerro Moreno  Antofagasta  Ap.;23&deg 27' 1'' S;113;2016;01;21;17.5;24.2
230001;Cerro Moreno  Antofagasta  Ap.;23&deg 27' 1'' S;113;2016;01;22;18.1;23.8
230001;Cerro Moreno  Antofagasta  Ap.;23&deg 27' 1'' S;113;2016;01;23;18.0;25.4
230001;Cerro Moreno  Antofagasta  Ap.;23&deg 27' 1'' S;113;2016;01;24;17.8;24.0
230001;Cerro Moreno  Antofagasta  Ap.;23&deg 27' 1'' S;113;2016;01;25;19.3;25.9
230001;Cerro Moreno  Antofagasta  Ap.;23&deg 27' 1'' S;113;2016;01;26;18.1;24.0
230001;Cerro Moreno  Antofagasta  Ap.;23&deg 27' 1'' S;113;2016;01;27;18.6;24.2
230001;Cerro Moreno  Antofagasta  Ap.;23&deg 27' 1'' S;113;2016;01;28;17.5;24.2
230001;Cerro Moreno  Antofagasta  Ap.;23&deg 27' 1'' S;113;2016;01;29;19.6;26.8
230001;Cerro Moreno  Antofagasta  Ap.;23&deg 27' 1'' S;113;2016;01;30;18.3;25.1
230001;Cerro Moreno  Antofagasta  Ap.;23&deg 27' 1'' S;113;2016;01;31;18.4;26.4
270001;Mataveri  Isla de Pascua Ap.;27&deg 9' 38'' S;48;2016;01;01;22.2;27.2
270001;Mataveri  Isla de Pascua Ap.;27&deg 9' 38'' S;48;2016;01;02;23.2;27.1
270001;Mataveri  Isla de Pascua Ap.;27&deg 9' 38'' S;48;2016;01;03;23.0;26.8
270001;Mataveri  Isla de Pascua Ap.;27&deg 9' 38'' S;48;2016;01;04;22.2;25.2
270001;Mataveri  Isla de Pascua Ap.;27&deg 9' 38'' S;48;2016;01;05;21.1;25.9
270001;Mataveri  Isla de Pascua Ap.;27&deg 9' 38'' S;48;2016;01;06;19.4;27.2
270001;Mataveri  Isla de Pascua Ap.;27&deg 9' 38'' S;48;2016;01;07;20.1;26.4
270001;Mataveri  Isla de Pascua Ap.;27&deg 9' 38'' S;48;2016;01;08;18.2;27.5
270001;Mataveri  Isla de Pascua Ap.;27&deg 9' 38'' S;48;2016;01;09;18.9;27.9
270001;Mataveri  Isla de Pascua Ap.;27&deg 9' 38'' S;48;2016;01;10;22.0;26.6
270001;Mataveri  Isla de Pascua Ap.;27&deg 9' 38'' S;48;2016;01;11;22.1;26.9
270001;Mataveri  Isla de Pascua Ap.;27&deg 9' 38'' S;48;2016;01;12;20.5;25.2
270001;Mataveri  Isla de Pascua Ap.;27&deg 9' 38'' S;48;2016;01;13;20.2;26.1
270001;Mataveri  Isla de Pascua Ap.;27&deg 9' 38'' S;48;2016;01;14;20.4;26.5
270001;Mataveri  Isla de Pascua Ap.;27&deg 9' 38'' S;48;2016;01;15;19.0;27.1
270001;Mataveri  Isla de Pascua Ap.;27&deg 9' 38'' S;48;2016;01;16;20.3;26.9
270001;Mataveri  Isla de Pascua Ap.;27&deg 9' 38'' S;48;2016;01;17;20.4;26.5
270001;Mataveri  Isla de Pascua Ap.;27&deg 9' 38'' S;48;2016;01;18;20.5;26.3
270001;Mataveri  Isla de Pascua Ap.;27&deg 9' 38'' S;48;2016;01;19;19.9;26.1
270001;Mataveri  Isla de Pascua Ap.;27&deg 9' 38'' S;48;2016;01;20;20.9;26.4
270001;Mataveri  Isla de Pascua Ap.;27&deg 9' 38'' S;48;2016;01;21;20.4;27.2
270001;Mataveri  Isla de Pascua Ap.;27&deg 9' 38'' S;48;2016;01;22;17.9;26.1
270001;Mataveri  Isla de Pascua Ap.;27&deg 9' 38'' S;48;2016;01;23;17.6;27.0
270001;Mataveri  Isla de Pascua Ap.;27&deg 9' 38'' S;48;2016;01;24;17.5;27.6
270001;Mataveri  Isla de Pascua Ap.;27&deg 9' 38'' S;48;2016;01;25;18.1;27.7
270001;Mataveri  Isla de Pascua Ap.;27&deg 9' 38'' S;48;2016;01;26;18.0;27.8
270001;Mataveri  Isla de Pascua Ap.;27&deg 9' 38'' S;48;2016;01;27;17.3;26.3
270001;Mataveri  Isla de Pascua Ap.;27&deg 9' 38'' S;48;2016;01;28;18.3;27.3
270001;Mataveri  Isla de Pascua Ap.;27&deg 9' 38'' S;48;2016;01;29;18.3;27.7
270001;Mataveri  Isla de Pascua Ap.;27&deg 9' 38'' S;48;2016;01;30;19.9;28.5
270001;Mataveri  Isla de Pascua Ap.;27&deg 9' 38'' S;48;2016;01;31;21.2;28.3
270008;Desierto de Atacama, Caldera  Ad.;27&deg 15' 50'' S;204;2016;01;01;15.2;23.6
270008;Desierto de Atacama, Caldera  Ad.;27&deg 15' 50'' S;204;2016;01;02;15.5;19.8
270008;Desierto de Atacama, Caldera  Ad.;27&deg 15' 50'' S;204;2016;01;03;14.4;23.3
270008;Desierto de Atacama, Caldera  Ad.;27&deg 15' 50'' S;204;2016;01;04;12.6;24.6
270008;Desierto de Atacama, Caldera  Ad.;27&deg 15' 50'' S;204;2016;01;05;15.4;24.2
270008;Desierto de Atacama, Caldera  Ad.;27&deg 15' 50'' S;204;2016;01;06;14.8;25.7
270008;Desierto de Atacama, Caldera  Ad.;27&deg 15' 50'' S;204;2016;01;07;14.9;25.4
270008;Desierto de Atacama, Caldera  Ad.;27&deg 15' 50'' S;204;2016;01;08;14.3;24.0
270008;Desierto de Atacama, Caldera  Ad.;27&deg 15' 50'' S;204;2016;01;09;16.1;22.9
270008;Desierto de Atacama, Caldera  Ad.;27&deg 15' 50'' S;204;2016;01;10;17.1;23.3
270008;Desierto de Atacama, Caldera  Ad.;27&deg 15' 50'' S;204;2016;01;11;16.7;23.2
270008;Desierto de Atacama, Caldera  Ad.;27&deg 15' 50'' S;204;2016;01;12;17.0;25.0
270008;Desierto de Atacama, Caldera  Ad.;27&deg 15' 50'' S;204;2016;01;13;15.7;24.6
270008;Desierto de Atacama, Caldera  Ad.;27&deg 15' 50'' S;204;2016;01;14;17.1;24.4
270008;Desierto de Atacama, Caldera  Ad.;27&deg 15' 50'' S;204;2016;01;15;16.9;22.9
270008;Desierto de Atacama, Caldera  Ad.;27&deg 15' 50'' S;204;2016;01;16;17.3;24.5
270008;Desierto de Atacama, Caldera  Ad.;27&deg 15' 50'' S;204;2016;01;17;17.1;23.4
270008;Desierto de Atacama, Caldera  Ad.;27&deg 15' 50'' S;204;2016;01;18;16.5;22.5
270008;Desierto de Atacama, Caldera  Ad.;27&deg 15' 50'' S;204;2016;01;19;14.9;25.4
270008;Desierto de Atacama, Caldera  Ad.;27&deg 15' 50'' S;204;2016;01;20;18.2;25.0
270008;Desierto de Atacama, Caldera  Ad.;27&deg 15' 50'' S;204;2016;01;21;16.1;24.4
270008;Desierto de Atacama, Caldera  Ad.;27&deg 15' 50'' S;204;2016;01;22;15.6;25.1
270008;Desierto de Atacama, Caldera  Ad.;27&deg 15' 50'' S;204;2016;01;23;17.0;25.6
270008;Desierto de Atacama, Caldera  Ad.;27&deg 15' 50'' S;204;2016;01;24;17.9;25.5
270008;Desierto de Atacama, Caldera  Ad.;27&deg 15' 50'' S;204;2016;01;25;17.4;25.6
270008;Desierto de Atacama, Caldera  Ad.;27&deg 15' 50'' S;204;2016;01;26;16.5;26.8
270008;Desierto de Atacama, Caldera  Ad.;27&deg 15' 50'' S;204;2016;01;27;16.2;27.3
270008;Desierto de Atacama, Caldera  Ad.;27&deg 15' 50'' S;204;2016;01;28;17.9;25.3
270008;Desierto de Atacama, Caldera  Ad.;27&deg 15' 50'' S;204;2016;01;29;17.9;25.0
270008;Desierto de Atacama, Caldera  Ad.;27&deg 15' 50'' S;204;2016;01;30;18.2;24.4
270008;Desierto de Atacama, Caldera  Ad.;27&deg 15' 50'' S;204;2016;01;31;19.2;26.3
290004;La Florida, La Serena Ad.;29&deg 55' 3'' S;142;2016;01;01;13.9;20.4
290004;La Florida, La Serena Ad.;29&deg 55' 3'' S;142;2016;01;02;12.5;21.5
290004;La Florida, La Serena Ad.;29&deg 55' 3'' S;142;2016;01;03;16.2;21.1
290004;La Florida, La Serena Ad.;29&deg 55' 3'' S;142;2016;01;04;14.6;23.0
290004;La Florida, La Serena Ad.;29&deg 55' 3'' S;142;2016;01;05;16.0;22.3
290004;La Florida, La Serena Ad.;29&deg 55' 3'' S;142;2016;01;06;16.2;23.8
290004;La Florida, La Serena Ad.;29&deg 55' 3'' S;142;2016;01;07;15.1;24.7
290004;La Florida, La Serena Ad.;29&deg 55' 3'' S;142;2016;01;08;15.0;23.3
290004;La Florida, La Serena Ad.;29&deg 55' 3'' S;142;2016;01;09;14.3;23.9
290004;La Florida, La Serena Ad.;29&deg 55' 3'' S;142;2016;01;10;15.0;23.4
290004;La Florida, La Serena Ad.;29&deg 55' 3'' S;142;2016;01;11;14.7;22.4
290004;La Florida, La Serena Ad.;29&deg 55' 3'' S;142;2016;01;12;14.0;24.5
290004;La Florida, La Serena Ad.;29&deg 55' 3'' S;142;2016;01;13;14.5;23.6
290004;La Florida, La Serena Ad.;29&deg 55' 3'' S;142;2016;01;14;14.9;23.2
290004;La Florida, La Serena Ad.;29&deg 55' 3'' S;142;2016;01;15;14.9;23.4
290004;La Florida, La Serena Ad.;29&deg 55' 3'' S;142;2016;01;16;14.3;24.2
290004;La Florida, La Serena Ad.;29&deg 55' 3'' S;142;2016;01;17;15.0;21.9
290004;La Florida, La Serena Ad.;29&deg 55' 3'' S;142;2016;01;18;16.3;21.3
290004;La Florida, La Serena Ad.;29&deg 55' 3'' S;142;2016;01;19;16.6;24.0
290004;La Florida, La Serena Ad.;29&deg 55' 3'' S;142;2016;01;20;17.5;23.9
290004;La Florida, La Serena Ad.;29&deg 55' 3'' S;142;2016;01;21;15.6;24.6
290004;La Florida, La Serena Ad.;29&deg 55' 3'' S;142;2016;01;22;16.3;24.9
290004;La Florida, La Serena Ad.;29&deg 55' 3'' S;142;2016;01;23;17.3;22.3
290004;La Florida, La Serena Ad.;29&deg 55' 3'' S;142;2016;01;24;16.8;25.8
290004;La Florida, La Serena Ad.;29&deg 55' 3'' S;142;2016;01;25;14.9;24.1
290004;La Florida, La Serena Ad.;29&deg 55' 3'' S;142;2016;01;26;15.8;24.9
290004;La Florida, La Serena Ad.;29&deg 55' 3'' S;142;2016;01;27;16.9;24.9
290004;La Florida, La Serena Ad.;29&deg 55' 3'' S;142;2016;01;28;15.9;25.1
290004;La Florida, La Serena Ad.;29&deg 55' 3'' S;142;2016;01;29;17.4;24.2
290004;La Florida, La Serena Ad.;29&deg 55' 3'' S;142;2016;01;30;15.8;
290004;La Florida, La Serena Ad.;29&deg 55' 3'' S;142;2016;01;31;18.4;23.2
330007;Rodelillo, Ad.;33&deg 2' 12'' S;330;2016;01;01;12.4;21.4
330007;Rodelillo, Ad.;33&deg 2' 12'' S;330;2016;01;02;13.2;21.4
330007;Rodelillo, Ad.;33&deg 2' 12'' S;330;2016;01;03;13.5;21.6
330007;Rodelillo, Ad.;33&deg 2' 12'' S;330;2016;01;04;14.4;21.1
330007;Rodelillo, Ad.;33&deg 2' 12'' S;330;2016;01;05;14.2;24.1
330007;Rodelillo, Ad.;33&deg 2' 12'' S;330;2016;01;06;15.2;21.0
330007;Rodelillo, Ad.;33&deg 2' 12'' S;330;2016;01;07;15.0;20.8
330007;Rodelillo, Ad.;33&deg 2' 12'' S;330;2016;01;08;15.2;22.0
330007;Rodelillo, Ad.;33&deg 2' 12'' S;330;2016;01;09;13.1;25.3
330007;Rodelillo, Ad.;33&deg 2' 12'' S;330;2016;01;10;13.6;23.9
330007;Rodelillo, Ad.;33&deg 2' 12'' S;330;2016;01;11;14.0;19.9
330007;Rodelillo, Ad.;33&deg 2' 12'' S;330;2016;01;12;11.6;22.3
330007;Rodelillo, Ad.;33&deg 2' 12'' S;330;2016;01;13;12.4;24.2
330007;Rodelillo, Ad.;33&deg 2' 12'' S;330;2016;01;14;12.4;23.6
330007;Rodelillo, Ad.;33&deg 2' 12'' S;330;2016;01;15;12.8;28.5
330007;Rodelillo, Ad.;33&deg 2' 12'' S;330;2016;01;16;14.0;28.8
330007;Rodelillo, Ad.;33&deg 2' 12'' S;330;2016;01;17;12.7;29.3
330007;Rodelillo, Ad.;33&deg 2' 12'' S;330;2016;01;18;13.9;20.5
330007;Rodelillo, Ad.;33&deg 2' 12'' S;330;2016;01;19;14.7;24.2
330007;Rodelillo, Ad.;33&deg 2' 12'' S;330;2016;01;20;14.4;22.3
330007;Rodelillo, Ad.;33&deg 2' 12'' S;330;2016;01;21;14.7;22.8
330007;Rodelillo, Ad.;33&deg 2' 12'' S;330;2016;01;22;13.8;24.1
330007;Rodelillo, Ad.;33&deg 2' 12'' S;330;2016;01;23;14.4;21.3
330007;Rodelillo, Ad.;33&deg 2' 12'' S;330;2016;01;24;14.4;24.4
330007;Rodelillo, Ad.;33&deg 2' 12'' S;330;2016;01;25;13.2;23.1
330007;Rodelillo, Ad.;33&deg 2' 12'' S;330;2016;01;26;12.9;25.7
330007;Rodelillo, Ad.;33&deg 2' 12'' S;330;2016;01;27;13.8;27.0
330007;Rodelillo, Ad.;33&deg 2' 12'' S;330;2016;01;28;14.8;27.2
330007;Rodelillo, Ad.;33&deg 2' 12'' S;330;2016;01;29;14.0;22.7
330007;Rodelillo, Ad.;33&deg 2' 12'' S;330;2016;01;30;13.1;29.4
330007;Rodelillo, Ad.;33&deg 2' 12'' S;330;2016;01;31;15.8;20.5
330019;Eulógio Sánchez, Tobalaba Ad.;33&deg 27' 16'' S;650;2016;01;01;14.8;29.8
330019;Eulógio Sánchez, Tobalaba Ad.;33&deg 27' 16'' S;650;2016;01;02;13.5;28.1
330019;Eulógio Sánchez, Tobalaba Ad.;33&deg 27' 16'' S;650;2016;01;03;13.4;26.2
330019;Eulógio Sánchez, Tobalaba Ad.;33&deg 27' 16'' S;650;2016;01;04;16.4;27.2
330019;Eulógio Sánchez, Tobalaba Ad.;33&deg 27' 16'' S;650;2016;01;05;17.6;29.2
330019;Eulógio Sánchez, Tobalaba Ad.;33&deg 27' 16'' S;650;2016;01;06;17.8;28.6
330019;Eulógio Sánchez, Tobalaba Ad.;33&deg 27' 16'' S;650;2016;01;07;16.6;26.0
330019;Eulógio Sánchez, Tobalaba Ad.;33&deg 27' 16'' S;650;2016;01;08;16.0;23.6
330019;Eulógio Sánchez, Tobalaba Ad.;33&deg 27' 16'' S;650;2016;01;09;13.8;30.4
330019;Eulógio Sánchez, Tobalaba Ad.;33&deg 27' 16'' S;650;2016;01;10;13.3;31.2
330019;Eulógio Sánchez, Tobalaba Ad.;33&deg 27' 16'' S;650;2016;01;11;13.8;26.0
330019;Eulógio Sánchez, Tobalaba Ad.;33&deg 27' 16'' S;650;2016;01;12;12.1;24.4
330019;Eulógio Sánchez, Tobalaba Ad.;33&deg 27' 16'' S;650;2016;01;13;11.8;31.0
330019;Eulógio Sánchez, Tobalaba Ad.;33&deg 27' 16'' S;650;2016;01;14;14.1;28.3
330019;Eulógio Sánchez, Tobalaba Ad.;33&deg 27' 16'' S;650;2016;01;15;13.0;32.0
330019;Eulógio Sánchez, Tobalaba Ad.;33&deg 27' 16'' S;650;2016;01;16;13.2;32.4
330019;Eulógio Sánchez, Tobalaba Ad.;33&deg 27' 16'' S;650;2016;01;17;16.0;34.2
330019;Eulógio Sánchez, Tobalaba Ad.;33&deg 27' 16'' S;650;2016;01;18;16.3;31.7
330019;Eulógio Sánchez, Tobalaba Ad.;33&deg 27' 16'' S;650;2016;01;19;15.0;31.0
330019;Eulógio Sánchez, Tobalaba Ad.;33&deg 27' 16'' S;650;2016;01;20;17.6;32.4
330019;Eulógio Sánchez, Tobalaba Ad.;33&deg 27' 16'' S;650;2016;01;21;16.0;28.0
330019;Eulógio Sánchez, Tobalaba Ad.;33&deg 27' 16'' S;650;2016;01;22;15.5;30.0
330019;Eulógio Sánchez, Tobalaba Ad.;33&deg 27' 16'' S;650;2016;01;23;14.4;25.8
330019;Eulógio Sánchez, Tobalaba Ad.;33&deg 27' 16'' S;650;2016;01;24;12.8;24.4
330019;Eulógio Sánchez, Tobalaba Ad.;33&deg 27' 16'' S;650;2016;01;25;13.0;21.0
330019;Eulógio Sánchez, Tobalaba Ad.;33&deg 27' 16'' S;650;2016;01;26;12.7;27.6
330019;Eulógio Sánchez, Tobalaba Ad.;33&deg 27' 16'' S;650;2016;01;27;15.0;25.4
330019;Eulógio Sánchez, Tobalaba Ad.;33&deg 27' 16'' S;650;2016;01;28;16.4;29.4
330019;Eulógio Sánchez, Tobalaba Ad.;33&deg 27' 16'' S;650;2016;01;29;13.8;25.2
330019;Eulógio Sánchez, Tobalaba Ad.;33&deg 27' 16'' S;650;2016;01;30;13.9;33.1
330019;Eulógio Sánchez, Tobalaba Ad.;33&deg 27' 16'' S;650;2016;01;31;16.0;30.0
330020;Quinta Normal, Santiago;33&deg 26' 42'' S;527;2016;01;01;14.0;30.1
330020;Quinta Normal, Santiago;33&deg 26' 42'' S;527;2016;01;02;12.7;29.8
330020;Quinta Normal, Santiago;33&deg 26' 42'' S;527;2016;01;03;12.6;26.2
330020;Quinta Normal, Santiago;33&deg 26' 42'' S;527;2016;01;04;15.9;28.8
330020;Quinta Normal, Santiago;33&deg 26' 42'' S;527;2016;01;05;17.7;30.5
330020;Quinta Normal, Santiago;33&deg 26' 42'' S;527;2016;01;06;17.6;29.6
330020;Quinta Normal, Santiago;33&deg 26' 42'' S;527;2016;01;07;16.5;26.7
330020;Quinta Normal, Santiago;33&deg 26' 42'' S;527;2016;01;08;16.4;25.4
330020;Quinta Normal, Santiago;33&deg 26' 42'' S;527;2016;01;09;14.0;31.1
330020;Quinta Normal, Santiago;33&deg 26' 42'' S;527;2016;01;10;12.9;31.3
330020;Quinta Normal, Santiago;33&deg 26' 42'' S;527;2016;01;11;13.4;26.0
330020;Quinta Normal, Santiago;33&deg 26' 42'' S;527;2016;01;12;12.6;25.7
330020;Quinta Normal, Santiago;33&deg 26' 42'' S;527;2016;01;13;11.4;32.1
330020;Quinta Normal, Santiago;33&deg 26' 42'' S;527;2016;01;14;13.8;27.5
330020;Quinta Normal, Santiago;33&deg 26' 42'' S;527;2016;01;15;12.0;32.8
330020;Quinta Normal, Santiago;33&deg 26' 42'' S;527;2016;01;16;13.9;33.8
330020;Quinta Normal, Santiago;33&deg 26' 42'' S;527;2016;01;17;15.6;35.6
330020;Quinta Normal, Santiago;33&deg 26' 42'' S;527;2016;01;18;15.3;32.3
330020;Quinta Normal, Santiago;33&deg 26' 42'' S;527;2016;01;19;14.5;31.5
330020;Quinta Normal, Santiago;33&deg 26' 42'' S;527;2016;01;20;16.0;32.7
330020;Quinta Normal, Santiago;33&deg 26' 42'' S;527;2016;01;21;15.8;27.9
330020;Quinta Normal, Santiago;33&deg 26' 42'' S;527;2016;01;22;15.0;31.2
330020;Quinta Normal, Santiago;33&deg 26' 42'' S;527;2016;01;23;15.8;26.2
330020;Quinta Normal, Santiago;33&deg 26' 42'' S;527;2016;01;24;13.4;25.7
330020;Quinta Normal, Santiago;33&deg 26' 42'' S;527;2016;01;25;13.8;23.0
330020;Quinta Normal, Santiago;33&deg 26' 42'' S;527;2016;01;26;12.5;28.5
330020;Quinta Normal, Santiago;33&deg 26' 42'' S;527;2016;01;27;14.9;27.0
330020;Quinta Normal, Santiago;33&deg 26' 42'' S;527;2016;01;28;17.0;30.4
330020;Quinta Normal, Santiago;33&deg 26' 42'' S;527;2016;01;29;13.4;27.0
330020;Quinta Normal, Santiago;33&deg 26' 42'' S;527;2016;01;30;13.5;33.8
330020;Quinta Normal, Santiago;33&deg 26' 42'' S;527;2016;01;31;15.1;31.2
330021;Pudahuel Santiago ;33&deg 23' 31'' S;482;2016;01;01;14.1;30.0
330021;Pudahuel Santiago ;33&deg 23' 31'' S;482;2016;01;02;12.6;29.1
330021;Pudahuel Santiago ;33&deg 23' 31'' S;482;2016;01;03;14.2;26.0
330021;Pudahuel Santiago ;33&deg 23' 31'' S;482;2016;01;04;16.4;28.9
330021;Pudahuel Santiago ;33&deg 23' 31'' S;482;2016;01;05;17.4;29.6
330021;Pudahuel Santiago ;33&deg 23' 31'' S;482;2016;01;06;16.9;29.6
330021;Pudahuel Santiago ;33&deg 23' 31'' S;482;2016;01;07;16.4;26.4
330021;Pudahuel Santiago ;33&deg 23' 31'' S;482;2016;01;08;16.4;24.8
330021;Pudahuel Santiago ;33&deg 23' 31'' S;482;2016;01;09;13.5;31.1
330021;Pudahuel Santiago ;33&deg 23' 31'' S;482;2016;01;10;13.6;31.3
330021;Pudahuel Santiago ;33&deg 23' 31'' S;482;2016;01;11;13.3;26.3
330021;Pudahuel Santiago ;33&deg 23' 31'' S;482;2016;01;12;12.9;25.3
330021;Pudahuel Santiago ;33&deg 23' 31'' S;482;2016;01;13;11.6;32.0
330021;Pudahuel Santiago ;33&deg 23' 31'' S;482;2016;01;14;13.7;27.7
330021;Pudahuel Santiago ;33&deg 23' 31'' S;482;2016;01;15;12.4;33.1
330021;Pudahuel Santiago ;33&deg 23' 31'' S;482;2016;01;16;14.5;33.1
330021;Pudahuel Santiago ;33&deg 23' 31'' S;482;2016;01;17;15.7;35.0
330021;Pudahuel Santiago ;33&deg 23' 31'' S;482;2016;01;18;15.2;32.7
330021;Pudahuel Santiago ;33&deg 23' 31'' S;482;2016;01;19;14.0;31.9
330021;Pudahuel Santiago ;33&deg 23' 31'' S;482;2016;01;20;17.8;32.9
330021;Pudahuel Santiago ;33&deg 23' 31'' S;482;2016;01;21;15.3;28.9
330021;Pudahuel Santiago ;33&deg 23' 31'' S;482;2016;01;22;15.9;31.5
330021;Pudahuel Santiago ;33&deg 23' 31'' S;482;2016;01;23;15.8;27.1
330021;Pudahuel Santiago ;33&deg 23' 31'' S;482;2016;01;24;14.4;24.8
330021;Pudahuel Santiago ;33&deg 23' 31'' S;482;2016;01;25;14.0;23.0
330021;Pudahuel Santiago ;33&deg 23' 31'' S;482;2016;01;26;13.6;27.6
330021;Pudahuel Santiago ;33&deg 23' 31'' S;482;2016;01;27;14.6;27.0
330021;Pudahuel Santiago ;33&deg 23' 31'' S;482;2016;01;28;17.4;30.4
330021;Pudahuel Santiago ;33&deg 23' 31'' S;482;2016;01;29;13.6;26.9
330021;Pudahuel Santiago ;33&deg 23' 31'' S;482;2016;01;30;13.9;34.2
330021;Pudahuel Santiago ;33&deg 23' 31'' S;482;2016;01;31;15.0;31.4
330030;Santo Domingo, Ad.;33&deg 39' 18'' S;75;2016;01;01;15.0;20.3
330030;Santo Domingo, Ad.;33&deg 39' 18'' S;75;2016;01;02;15.5;21.4
330030;Santo Domingo, Ad.;33&deg 39' 18'' S;75;2016;01;03;15.8;21.3
330030;Santo Domingo, Ad.;33&deg 39' 18'' S;75;2016;01;04;15.5;20.1
330030;Santo Domingo, Ad.;33&deg 39' 18'' S;75;2016;01;05;13.0;22.0
330030;Santo Domingo, Ad.;33&deg 39' 18'' S;75;2016;01;06;16.6;22.2
330030;Santo Domingo, Ad.;33&deg 39' 18'' S;75;2016;01;07;16.1;22.8
330030;Santo Domingo, Ad.;33&deg 39' 18'' S;75;2016;01;08;15.3;22.5
330030;Santo Domingo, Ad.;33&deg 39' 18'' S;75;2016;01;09;12.1;22.2
330030;Santo Domingo, Ad.;33&deg 39' 18'' S;75;2016;01;10;11.2;21.2
330030;Santo Domingo, Ad.;33&deg 39' 18'' S;75;2016;01;11;12.7;20.5
330030;Santo Domingo, Ad.;33&deg 39' 18'' S;75;2016;01;12;10.6;23.6
330030;Santo Domingo, Ad.;33&deg 39' 18'' S;75;2016;01;13;10.4;22.5
330030;Santo Domingo, Ad.;33&deg 39' 18'' S;75;2016;01;14;17.6;22.6
330030;Santo Domingo, Ad.;33&deg 39' 18'' S;75;2016;01;15;10.1;23.1
330030;Santo Domingo, Ad.;33&deg 39' 18'' S;75;2016;01;16;11.2;23.7
330030;Santo Domingo, Ad.;33&deg 39' 18'' S;75;2016;01;17;11.0;22.0
330030;Santo Domingo, Ad.;33&deg 39' 18'' S;75;2016;01;18;11.9;22.5
330030;Santo Domingo, Ad.;33&deg 39' 18'' S;75;2016;01;19;17.1;22.4
330030;Santo Domingo, Ad.;33&deg 39' 18'' S;75;2016;01;20;15.0;21.9
330030;Santo Domingo, Ad.;33&deg 39' 18'' S;75;2016;01;21;15.9;24.0
330030;Santo Domingo, Ad.;33&deg 39' 18'' S;75;2016;01;22;11.5;23.6
330030;Santo Domingo, Ad.;33&deg 39' 18'' S;75;2016;01;23;14.5;22.9
330030;Santo Domingo, Ad.;33&deg 39' 18'' S;75;2016;01;24;16.5;23.6
330030;Santo Domingo, Ad.;33&deg 39' 18'' S;75;2016;01;25;12.7;22.9
330030;Santo Domingo, Ad.;33&deg 39' 18'' S;75;2016;01;26;11.1;23.2
330030;Santo Domingo, Ad.;33&deg 39' 18'' S;75;2016;01;27;13.1;23.2
330030;Santo Domingo, Ad.;33&deg 39' 18'' S;75;2016;01;28;13.2;23.9
330030;Santo Domingo, Ad.;33&deg 39' 18'' S;75;2016;01;29;11.7;22.0
330030;Santo Domingo, Ad.;33&deg 39' 18'' S;75;2016;01;30;12.7;24.3
330030;Santo Domingo, Ad.;33&deg 39' 18'' S;75;2016;01;31;18.1;23.1
330031;Juan Fernández, Estación Meteorológica.;33&deg 38' 9'' S;40;2016;01;01;14.4;23.0
330031;Juan Fernández, Estación Meteorológica.;33&deg 38' 9'' S;40;2016;01;02;14.0;22.8
330031;Juan Fernández, Estación Meteorológica.;33&deg 38' 9'' S;40;2016;01;03;18.0;21.8
330031;Juan Fernández, Estación Meteorológica.;33&deg 38' 9'' S;40;2016;01;04;14.6;20.0
330031;Juan Fernández, Estación Meteorológica.;33&deg 38' 9'' S;40;2016;01;05;16.4;20.2
330031;Juan Fernández, Estación Meteorológica.;33&deg 38' 9'' S;40;2016;01;06;15.6;20.2
330031;Juan Fernández, Estación Meteorológica.;33&deg 38' 9'' S;40;2016;01;07;15.8;19.2
330031;Juan Fernández, Estación Meteorológica.;33&deg 38' 9'' S;40;2016;01;08;16.2;20.4
330031;Juan Fernández, Estación Meteorológica.;33&deg 38' 9'' S;40;2016;01;09;15.4;20.8
330031;Juan Fernández, Estación Meteorológica.;33&deg 38' 9'' S;40;2016;01;10;14.8;20.4
330031;Juan Fernández, Estación Meteorológica.;33&deg 38' 9'' S;40;2016;01;11;14.8;20.6
330031;Juan Fernández, Estación Meteorológica.;33&deg 38' 9'' S;40;2016;01;12;15.0;20.2
330031;Juan Fernández, Estación Meteorológica.;33&deg 38' 9'' S;40;2016;01;13;15.2;20.4
330031;Juan Fernández, Estación Meteorológica.;33&deg 38' 9'' S;40;2016;01;14;14.6;21.6
330031;Juan Fernández, Estación Meteorológica.;33&deg 38' 9'' S;40;2016;01;15;14.6;23.8
330031;Juan Fernández, Estación Meteorológica.;33&deg 38' 9'' S;40;2016;01;16;16.2;23.2
330031;Juan Fernández, Estación Meteorológica.;33&deg 38' 9'' S;40;2016;01;17;17.4;22.6
330031;Juan Fernández, Estación Meteorológica.;33&deg 38' 9'' S;40;2016;01;18;14.8;22.2
330031;Juan Fernández, Estación Meteorológica.;33&deg 38' 9'' S;40;2016;01;19;13.6;23.4
330031;Juan Fernández, Estación Meteorológica.;33&deg 38' 9'' S;40;2016;01;20;13.0;24.2
330031;Juan Fernández, Estación Meteorológica.;33&deg 38' 9'' S;40;2016;01;21;17.4;24.0
330031;Juan Fernández, Estación Meteorológica.;33&deg 38' 9'' S;40;2016;01;22;17.2;23.8
330031;Juan Fernández, Estación Meteorológica.;33&deg 38' 9'' S;40;2016;01;23;;23.8
330031;Juan Fernández, Estación Meteorológica.;33&deg 38' 9'' S;40;2016;01;24;18.1;22.4
330031;Juan Fernández, Estación Meteorológica.;33&deg 38' 9'' S;40;2016;01;25;16.6;23.2
330031;Juan Fernández, Estación Meteorológica.;33&deg 38' 9'' S;40;2016;01;26;14.8;23.5
330031;Juan Fernández, Estación Meteorológica.;33&deg 38' 9'' S;40;2016;01;27;17.5;22.3
330031;Juan Fernández, Estación Meteorológica.;33&deg 38' 9'' S;40;2016;01;28;16.8;23.8
330031;Juan Fernández, Estación Meteorológica.;33&deg 38' 9'' S;40;2016;01;29;15.6;23.6
330031;Juan Fernández, Estación Meteorológica.;33&deg 38' 9'' S;40;2016;01;30;18.4;22.9
330031;Juan Fernández, Estación Meteorológica.;33&deg 38' 9'' S;40;2016;01;31;18.9;22.7
340031;General Freire, Curicó Ad.;34&deg 57' 59'' S;230;2016;01;01;13.5;31.2
340031;General Freire, Curicó Ad.;34&deg 57' 59'' S;230;2016;01;02;13.3;28.5
340031;General Freire, Curicó Ad.;34&deg 57' 59'' S;230;2016;01;03;14.9;26.4
340031;General Freire, Curicó Ad.;34&deg 57' 59'' S;230;2016;01;04;16.8;31.4
340031;General Freire, Curicó Ad.;34&deg 57' 59'' S;230;2016;01;05;15.1;28.0
340031;General Freire, Curicó Ad.;34&deg 57' 59'' S;230;2016;01;06;16.3;30.4
340031;General Freire, Curicó Ad.;34&deg 57' 59'' S;230;2016;01;07;16.4;26.4
340031;General Freire, Curicó Ad.;34&deg 57' 59'' S;230;2016;01;08;17.5;27.7
340031;General Freire, Curicó Ad.;34&deg 57' 59'' S;230;2016;01;09;14.7;31.0
340031;General Freire, Curicó Ad.;34&deg 57' 59'' S;230;2016;01;10;12.5;32.2
340031;General Freire, Curicó Ad.;34&deg 57' 59'' S;230;2016;01;11;12.6;27.8
340031;General Freire, Curicó Ad.;34&deg 57' 59'' S;230;2016;01;12;15.6;25.9
340031;General Freire, Curicó Ad.;34&deg 57' 59'' S;230;2016;01;13;13.1;32.1
340031;General Freire, Curicó Ad.;34&deg 57' 59'' S;230;2016;01;14;13.8;28.5
340031;General Freire, Curicó Ad.;34&deg 57' 59'' S;230;2016;01;15;12.3;31.1
340031;General Freire, Curicó Ad.;34&deg 57' 59'' S;230;2016;01;16;13.7;31.6
340031;General Freire, Curicó Ad.;34&deg 57' 59'' S;230;2016;01;17;14.9;32.9
340031;General Freire, Curicó Ad.;34&deg 57' 59'' S;230;2016;01;18;14.1;34.5
340031;General Freire, Curicó Ad.;34&deg 57' 59'' S;230;2016;01;19;14.0;32.5
340031;General Freire, Curicó Ad.;34&deg 57' 59'' S;230;2016;01;20;14.3;34.7
340031;General Freire, Curicó Ad.;34&deg 57' 59'' S;230;2016;01;21;15.2;28.5
340031;General Freire, Curicó Ad.;34&deg 57' 59'' S;230;2016;01;22;14.7;31.9
340031;General Freire, Curicó Ad.;34&deg 57' 59'' S;230;2016;01;23;15.4;27.6
340031;General Freire, Curicó Ad.;34&deg 57' 59'' S;230;2016;01;24;15.8;25.1
340031;General Freire, Curicó Ad.;34&deg 57' 59'' S;230;2016;01;25;14.0;22.3
340031;General Freire, Curicó Ad.;34&deg 57' 59'' S;230;2016;01;26;11.9;28.4
340031;General Freire, Curicó Ad.;34&deg 57' 59'' S;230;2016;01;27;14.6;27.1
340031;General Freire, Curicó Ad.;34&deg 57' 59'' S;230;2016;01;28;15.6;31.8
340031;General Freire, Curicó Ad.;34&deg 57' 59'' S;230;2016;01;29;13.9;28.2
340031;General Freire, Curicó Ad.;34&deg 57' 59'' S;230;2016;01;30;13.8;33.4
340031;General Freire, Curicó Ad.;34&deg 57' 59'' S;230;2016;01;31;15.7;32.3
360011;General Bernardo O'Higgins, Chillán Ad.;36&deg 35' 14'' S;151;2016;01;01;12.6;31.9
360011;General Bernardo O'Higgins, Chillán Ad.;36&deg 35' 14'' S;151;2016;01;02;11.5;30.7
360011;General Bernardo O'Higgins, Chillán Ad.;36&deg 35' 14'' S;151;2016;01;03;15.0;28.8
360011;General Bernardo O'Higgins, Chillán Ad.;36&deg 35' 14'' S;151;2016;01;04;14.2;30.5
360011;General Bernardo O'Higgins, Chillán Ad.;36&deg 35' 14'' S;151;2016;01;05;12.1;33.3
360011;General Bernardo O'Higgins, Chillán Ad.;36&deg 35' 14'' S;151;2016;01;06;12.5;35.0
360011;General Bernardo O'Higgins, Chillán Ad.;36&deg 35' 14'' S;151;2016;01;07;12.8;28.9
360011;General Bernardo O'Higgins, Chillán Ad.;36&deg 35' 14'' S;151;2016;01;08;13.7;27.8
360011;General Bernardo O'Higgins, Chillán Ad.;36&deg 35' 14'' S;151;2016;01;09;13.0;29.6
360011;General Bernardo O'Higgins, Chillán Ad.;36&deg 35' 14'' S;151;2016;01;10;9.6;31.4
360011;General Bernardo O'Higgins, Chillán Ad.;36&deg 35' 14'' S;151;2016;01;11;10.6;28.1
360011;General Bernardo O'Higgins, Chillán Ad.;36&deg 35' 14'' S;151;2016;01;12;16.2;25.8
360011;General Bernardo O'Higgins, Chillán Ad.;36&deg 35' 14'' S;151;2016;01;13;10.8;30.7
360011;General Bernardo O'Higgins, Chillán Ad.;36&deg 35' 14'' S;151;2016;01;14;10.2;27.5
360011;General Bernardo O'Higgins, Chillán Ad.;36&deg 35' 14'' S;151;2016;01;15;8.7;29.2
360011;General Bernardo O'Higgins, Chillán Ad.;36&deg 35' 14'' S;151;2016;01;16;11.9;30.8
360011;General Bernardo O'Higgins, Chillán Ad.;36&deg 35' 14'' S;151;2016;01;17;12.5;32.6
360011;General Bernardo O'Higgins, Chillán Ad.;36&deg 35' 14'' S;151;2016;01;18;11.0;35.1
360011;General Bernardo O'Higgins, Chillán Ad.;36&deg 35' 14'' S;151;2016;01;19;8.5;34.6
360011;General Bernardo O'Higgins, Chillán Ad.;36&deg 35' 14'' S;151;2016;01;20;9.7;35.4
360011;General Bernardo O'Higgins, Chillán Ad.;36&deg 35' 14'' S;151;2016;01;21;12.4;32.6
360011;General Bernardo O'Higgins, Chillán Ad.;36&deg 35' 14'' S;151;2016;01;22;13.6;33.6
360011;General Bernardo O'Higgins, Chillán Ad.;36&deg 35' 14'' S;151;2016;01;23;10.8;32.0
360011;General Bernardo O'Higgins, Chillán Ad.;36&deg 35' 14'' S;151;2016;01;24;14.9;22.4
360011;General Bernardo O'Higgins, Chillán Ad.;36&deg 35' 14'' S;151;2016;01;25;13.4;27.0
360011;General Bernardo O'Higgins, Chillán Ad.;36&deg 35' 14'' S;151;2016;01;26;10.9;28.1
360011;General Bernardo O'Higgins, Chillán Ad.;36&deg 35' 14'' S;151;2016;01;27;13.9;26.2
360011;General Bernardo O'Higgins, Chillán Ad.;36&deg 35' 14'' S;151;2016;01;28;12.8;29.1
360011;General Bernardo O'Higgins, Chillán Ad.;36&deg 35' 14'' S;151;2016;01;29;13.5;29.9
360011;General Bernardo O'Higgins, Chillán Ad.;36&deg 35' 14'' S;151;2016;01;30;13.7;36.4
360011;General Bernardo O'Higgins, Chillán Ad.;36&deg 35' 14'' S;151;2016;01;31;13.9;36.4
360019;Carriel Sur, Concepción.;36&deg 46' 42'' S;17;2016;01;01;15.3;21.5
360019;Carriel Sur, Concepción.;36&deg 46' 42'' S;17;2016;01;02;12.2;24.5
360019;Carriel Sur, Concepción.;36&deg 46' 42'' S;17;2016;01;03;15.4;24.6
360019;Carriel Sur, Concepción.;36&deg 46' 42'' S;17;2016;01;04;12.8;24.5
360019;Carriel Sur, Concepción.;36&deg 46' 42'' S;17;2016;01;05;14.9;27.0
360019;Carriel Sur, Concepción.;36&deg 46' 42'' S;17;2016;01;06;11.0;22.5
360019;Carriel Sur, Concepción.;36&deg 46' 42'' S;17;2016;01;07;14.2;21.2
360019;Carriel Sur, Concepción.;36&deg 46' 42'' S;17;2016;01;08;13.6;24.2
360019;Carriel Sur, Concepción.;36&deg 46' 42'' S;17;2016;01;09;16.3;22.4
360019;Carriel Sur, Concepción.;36&deg 46' 42'' S;17;2016;01;10;12.1;22.5
360019;Carriel Sur, Concepción.;36&deg 46' 42'' S;17;2016;01;11;13.6;21.0
360019;Carriel Sur, Concepción.;36&deg 46' 42'' S;17;2016;01;12;15.0;23.2
360019;Carriel Sur, Concepción.;36&deg 46' 42'' S;17;2016;01;13;11.7;25.3
360019;Carriel Sur, Concepción.;36&deg 46' 42'' S;17;2016;01;14;12.4;21.0
360019;Carriel Sur, Concepción.;36&deg 46' 42'' S;17;2016;01;15;12.9;24.2
360019;Carriel Sur, Concepción.;36&deg 46' 42'' S;17;2016;01;16;11.6;24.2
360019;Carriel Sur, Concepción.;36&deg 46' 42'' S;17;2016;01;17;12.1;26.7
360019;Carriel Sur, Concepción.;36&deg 46' 42'' S;17;2016;01;18;12.2;27.5
360019;Carriel Sur, Concepción.;36&deg 46' 42'' S;17;2016;01;19;12.2;22.2
360019;Carriel Sur, Concepción.;36&deg 46' 42'' S;17;2016;01;20;11.6;26.8
360019;Carriel Sur, Concepción.;36&deg 46' 42'' S;17;2016;01;21;15.8;23.0
360019;Carriel Sur, Concepción.;36&deg 46' 42'' S;17;2016;01;22;13.5;27.0
360019;Carriel Sur, Concepción.;36&deg 46' 42'' S;17;2016;01;23;13.2;19.9
360019;Carriel Sur, Concepción.;36&deg 46' 42'' S;17;2016;01;24;16.7;23.1
360019;Carriel Sur, Concepción.;36&deg 46' 42'' S;17;2016;01;25;14.7;23.8
360019;Carriel Sur, Concepción.;36&deg 46' 42'' S;17;2016;01;26;11.3;22.1
360019;Carriel Sur, Concepción.;36&deg 46' 42'' S;17;2016;01;27;15.5;20.8
360019;Carriel Sur, Concepción.;36&deg 46' 42'' S;17;2016;01;28;14.0;24.2
360019;Carriel Sur, Concepción.;36&deg 46' 42'' S;17;2016;01;29;12.0;25.3
360019;Carriel Sur, Concepción.;36&deg 46' 42'' S;17;2016;01;30;13.3;29.9
360019;Carriel Sur, Concepción.;36&deg 46' 42'' S;17;2016;01;31;13.9;24.1
370033;María Dolores, Los Angeles Ad.;37&deg 24' 10'' S;120;2016;01;01;8.0;32.0
370033;María Dolores, Los Angeles Ad.;37&deg 24' 10'' S;120;2016;01;02;12.0;32.0
370033;María Dolores, Los Angeles Ad.;37&deg 24' 10'' S;120;2016;01;03;12.0;27.2
370033;María Dolores, Los Angeles Ad.;37&deg 24' 10'' S;120;2016;01;04;11.5;29.8
370033;María Dolores, Los Angeles Ad.;37&deg 24' 10'' S;120;2016;01;05;11.5;34.6
370033;María Dolores, Los Angeles Ad.;37&deg 24' 10'' S;120;2016;01;06;11.0;34.8
370033;María Dolores, Los Angeles Ad.;37&deg 24' 10'' S;120;2016;01;07;13.5;29.4
370033;María Dolores, Los Angeles Ad.;37&deg 24' 10'' S;120;2016;01;08;13.6;29.2
370033;María Dolores, Los Angeles Ad.;37&deg 24' 10'' S;120;2016;01;09;12.8;29.2
370033;María Dolores, Los Angeles Ad.;37&deg 24' 10'' S;120;2016;01;10;11.6;31.0
370033;María Dolores, Los Angeles Ad.;37&deg 24' 10'' S;120;2016;01;11;12.0;27.0
370033;María Dolores, Los Angeles Ad.;37&deg 24' 10'' S;120;2016;01;12;14.4;
370033;María Dolores, Los Angeles Ad.;37&deg 24' 10'' S;120;2016;01;13;10.0;
370033;María Dolores, Los Angeles Ad.;37&deg 24' 10'' S;120;2016;01;14;10.0;25.0
370033;María Dolores, Los Angeles Ad.;37&deg 24' 10'' S;120;2016;01;15;8.2;27.2
370033;María Dolores, Los Angeles Ad.;37&deg 24' 10'' S;120;2016;01;16;12.2;29.6
370033;María Dolores, Los Angeles Ad.;37&deg 24' 10'' S;120;2016;01;17;13.0;31.9
370033;María Dolores, Los Angeles Ad.;37&deg 24' 10'' S;120;2016;01;18;12.4;36.0
370033;María Dolores, Los Angeles Ad.;37&deg 24' 10'' S;120;2016;01;19;15.8;36.0
370033;María Dolores, Los Angeles Ad.;37&deg 24' 10'' S;120;2016;01;20;12.2;37.0
370033;María Dolores, Los Angeles Ad.;37&deg 24' 10'' S;120;2016;01;21;12.0;33.8
370033;María Dolores, Los Angeles Ad.;37&deg 24' 10'' S;120;2016;01;22;13.0;33.0
370033;María Dolores, Los Angeles Ad.;37&deg 24' 10'' S;120;2016;01;23;12.0;33.4
370033;María Dolores, Los Angeles Ad.;37&deg 24' 10'' S;120;2016;01;24;16.8;20.3
370033;María Dolores, Los Angeles Ad.;37&deg 24' 10'' S;120;2016;01;25;11.4;25.6
370033;María Dolores, Los Angeles Ad.;37&deg 24' 10'' S;120;2016;01;26;7.0;26.5
370033;María Dolores, Los Angeles Ad.;37&deg 24' 10'' S;120;2016;01;27;13.0;20.3
370033;María Dolores, Los Angeles Ad.;37&deg 24' 10'' S;120;2016;01;28;14.0;29.0
370033;María Dolores, Los Angeles Ad.;37&deg 24' 10'' S;120;2016;01;29;12.6;27.5
370033;María Dolores, Los Angeles Ad.;37&deg 24' 10'' S;120;2016;01;30;13.0;36.7
370033;María Dolores, Los Angeles Ad.;37&deg 24' 10'' S;120;2016;01;31;16.5;38.8
380013;Maquehue, Temuco Ad.;38&deg 46' 4'' S;86;2016;01;01;10.4;28.6
380013;Maquehue, Temuco Ad.;38&deg 46' 4'' S;86;2016;01;02;9.0;26.5
380013;Maquehue, Temuco Ad.;38&deg 46' 4'' S;86;2016;01;03;10.5;20.5
380013;Maquehue, Temuco Ad.;38&deg 46' 4'' S;86;2016;01;04;5.6;25.2
380013;Maquehue, Temuco Ad.;38&deg 46' 4'' S;86;2016;01;05;3.9;30.5
380013;Maquehue, Temuco Ad.;38&deg 46' 4'' S;86;2016;01;06;8.1;31.5
380013;Maquehue, Temuco Ad.;38&deg 46' 4'' S;86;2016;01;07;10.4;28.8
380013;Maquehue, Temuco Ad.;38&deg 46' 4'' S;86;2016;01;08;13.6;27.2
380013;Maquehue, Temuco Ad.;38&deg 46' 4'' S;86;2016;01;09;9.3;26.4
380013;Maquehue, Temuco Ad.;38&deg 46' 4'' S;86;2016;01;10;13.6;25.9
380013;Maquehue, Temuco Ad.;38&deg 46' 4'' S;86;2016;01;11;13.4;25.9
380013;Maquehue, Temuco Ad.;38&deg 46' 4'' S;86;2016;01;12;;23.1
380013;Maquehue, Temuco Ad.;38&deg 46' 4'' S;86;2016;01;13;5.5;28.6
380013;Maquehue, Temuco Ad.;38&deg 46' 4'' S;86;2016;01;14;10.7;25.4
380013;Maquehue, Temuco Ad.;38&deg 46' 4'' S;86;2016;01;15;12.6;26.3
380013;Maquehue, Temuco Ad.;38&deg 46' 4'' S;86;2016;01;16;11.8;25.3
380013;Maquehue, Temuco Ad.;38&deg 46' 4'' S;86;2016;01;17;8.2;27.3
380013;Maquehue, Temuco Ad.;38&deg 46' 4'' S;86;2016;01;18;6.8;29.8
380013;Maquehue, Temuco Ad.;38&deg 46' 4'' S;86;2016;01;19;12.7;31.3
380013;Maquehue, Temuco Ad.;38&deg 46' 4'' S;86;2016;01;20;11.0;33.3
380013;Maquehue, Temuco Ad.;38&deg 46' 4'' S;86;2016;01;21;9.6;31.2
380013;Maquehue, Temuco Ad.;38&deg 46' 4'' S;86;2016;01;22;14.9;29.1
380013;Maquehue, Temuco Ad.;38&deg 46' 4'' S;86;2016;01;23;9.2;30.1
380013;Maquehue, Temuco Ad.;38&deg 46' 4'' S;86;2016;01;24;14.6;22.8
380013;Maquehue, Temuco Ad.;38&deg 46' 4'' S;86;2016;01;25;12.7;25.1
380013;Maquehue, Temuco Ad.;38&deg 46' 4'' S;86;2016;01;26;7.9;26.5
380013;Maquehue, Temuco Ad.;38&deg 46' 4'' S;86;2016;01;27;13.3;19.6
380013;Maquehue, Temuco Ad.;38&deg 46' 4'' S;86;2016;01;28;13.1;26.0
380013;Maquehue, Temuco Ad.;38&deg 46' 4'' S;86;2016;01;29;8.2;26.7
380013;Maquehue, Temuco Ad.;38&deg 46' 4'' S;86;2016;01;30;7.4;32.1
380013;Maquehue, Temuco Ad.;38&deg 46' 4'' S;86;2016;01;31;10.8;33.5
390006;Pichoy, Valdivia Ad.;39&deg 39' 2'' S;21;2016;01;01;8.2;27.3
390006;Pichoy, Valdivia Ad.;39&deg 39' 2'' S;21;2016;01;02;7.6;25.0
390006;Pichoy, Valdivia Ad.;39&deg 39' 2'' S;21;2016;01;03;8.7;22.5
390006;Pichoy, Valdivia Ad.;39&deg 39' 2'' S;21;2016;01;04;5.6;24.2
390006;Pichoy, Valdivia Ad.;39&deg 39' 2'' S;21;2016;01;05;4.6;28.7
390006;Pichoy, Valdivia Ad.;39&deg 39' 2'' S;21;2016;01;06;5.8;28.0
390006;Pichoy, Valdivia Ad.;39&deg 39' 2'' S;21;2016;01;07;7.5;29.2
390006;Pichoy, Valdivia Ad.;39&deg 39' 2'' S;21;2016;01;08;12.2;25.3
390006;Pichoy, Valdivia Ad.;39&deg 39' 2'' S;21;2016;01;09;8.5;27.4
390006;Pichoy, Valdivia Ad.;39&deg 39' 2'' S;21;2016;01;10;8.8;25.9
390006;Pichoy, Valdivia Ad.;39&deg 39' 2'' S;21;2016;01;11;9.5;26.7
390006;Pichoy, Valdivia Ad.;39&deg 39' 2'' S;21;2016;01;12;9.3;23.4
390006;Pichoy, Valdivia Ad.;39&deg 39' 2'' S;21;2016;01;13;5.5;27.5
390006;Pichoy, Valdivia Ad.;39&deg 39' 2'' S;21;2016;01;14;5.3;20.3
390006;Pichoy, Valdivia Ad.;39&deg 39' 2'' S;21;2016;01;15;12.1;23.0
390006;Pichoy, Valdivia Ad.;39&deg 39' 2'' S;21;2016;01;16;10.6;23.1
390006;Pichoy, Valdivia Ad.;39&deg 39' 2'' S;21;2016;01;17;5.1;25.1
390006;Pichoy, Valdivia Ad.;39&deg 39' 2'' S;21;2016;01;18;6.8;30.1
390006;Pichoy, Valdivia Ad.;39&deg 39' 2'' S;21;2016;01;19;6.9;29.9
390006;Pichoy, Valdivia Ad.;39&deg 39' 2'' S;21;2016;01;20;7.6;31.1
390006;Pichoy, Valdivia Ad.;39&deg 39' 2'' S;21;2016;01;21;7.3;29.9
390006;Pichoy, Valdivia Ad.;39&deg 39' 2'' S;21;2016;01;22;10.8;27.7
390006;Pichoy, Valdivia Ad.;39&deg 39' 2'' S;21;2016;01;23;8.3;28.3
390006;Pichoy, Valdivia Ad.;39&deg 39' 2'' S;21;2016;01;24;9.5;21.5
390006;Pichoy, Valdivia Ad.;39&deg 39' 2'' S;21;2016;01;25;10.5;22.5
390006;Pichoy, Valdivia Ad.;39&deg 39' 2'' S;21;2016;01;26;6.5;20.8
390006;Pichoy, Valdivia Ad.;39&deg 39' 2'' S;21;2016;01;27;13.5;21.4
390006;Pichoy, Valdivia Ad.;39&deg 39' 2'' S;21;2016;01;28;13.4;24.2
390006;Pichoy, Valdivia Ad.;39&deg 39' 2'' S;21;2016;01;29;9.3;25.4
390006;Pichoy, Valdivia Ad.;39&deg 39' 2'' S;21;2016;01;30;6.6;30.1
390006;Pichoy, Valdivia Ad.;39&deg 39' 2'' S;21;2016;01;31;8.3;33.2
400009;Cañal Bajo,  Osorno Ad.;40&deg 36' 18'' S;61;2016;01;01;6.1;27.3
400009;Cañal Bajo,  Osorno Ad.;40&deg 36' 18'' S;61;2016;01;02;7.5;24.2
400009;Cañal Bajo,  Osorno Ad.;40&deg 36' 18'' S;61;2016;01;03;11.2;21.5
400009;Cañal Bajo,  Osorno Ad.;40&deg 36' 18'' S;61;2016;01;04;3.3;22.5
400009;Cañal Bajo,  Osorno Ad.;40&deg 36' 18'' S;61;2016;01;05;8.5;25.1
400009;Cañal Bajo,  Osorno Ad.;40&deg 36' 18'' S;61;2016;01;06;6.5;25.3
400009;Cañal Bajo,  Osorno Ad.;40&deg 36' 18'' S;61;2016;01;07;5.1;29.0
400009;Cañal Bajo,  Osorno Ad.;40&deg 36' 18'' S;61;2016;01;08;5.7;26.0
400009;Cañal Bajo,  Osorno Ad.;40&deg 36' 18'' S;61;2016;01;09;9.0;27.3
400009;Cañal Bajo,  Osorno Ad.;40&deg 36' 18'' S;61;2016;01;10;7.7;26.0
400009;Cañal Bajo,  Osorno Ad.;40&deg 36' 18'' S;61;2016;01;11;12.0;23.0
400009;Cañal Bajo,  Osorno Ad.;40&deg 36' 18'' S;61;2016;01;12;5.8;21.7
400009;Cañal Bajo,  Osorno Ad.;40&deg 36' 18'' S;61;2016;01;13;6.5;26.7
400009;Cañal Bajo,  Osorno Ad.;40&deg 36' 18'' S;61;2016;01;14;5.5;24.5
400009;Cañal Bajo,  Osorno Ad.;40&deg 36' 18'' S;61;2016;01;15;12.8;23.0
400009;Cañal Bajo,  Osorno Ad.;40&deg 36' 18'' S;61;2016;01;16;7.6;23.5
400009;Cañal Bajo,  Osorno Ad.;40&deg 36' 18'' S;61;2016;01;17;5.2;25.0
400009;Cañal Bajo,  Osorno Ad.;40&deg 36' 18'' S;61;2016;01;18;9.1;27.0
400009;Cañal Bajo,  Osorno Ad.;40&deg 36' 18'' S;61;2016;01;19;4.8;29.8
400009;Cañal Bajo,  Osorno Ad.;40&deg 36' 18'' S;61;2016;01;20;7.5;31.3
400009;Cañal Bajo,  Osorno Ad.;40&deg 36' 18'' S;61;2016;01;21;7.0;31.0
400009;Cañal Bajo,  Osorno Ad.;40&deg 36' 18'' S;61;2016;01;22;12.5;25.8
400009;Cañal Bajo,  Osorno Ad.;40&deg 36' 18'' S;61;2016;01;23;8.0;28.0
400009;Cañal Bajo,  Osorno Ad.;40&deg 36' 18'' S;61;2016;01;24;14.0;23.7
400009;Cañal Bajo,  Osorno Ad.;40&deg 36' 18'' S;61;2016;01;25;11.1;23.0
400009;Cañal Bajo,  Osorno Ad.;40&deg 36' 18'' S;61;2016;01;26;5.7;25.0
400009;Cañal Bajo,  Osorno Ad.;40&deg 36' 18'' S;61;2016;01;27;13.1;21.7
400009;Cañal Bajo,  Osorno Ad.;40&deg 36' 18'' S;61;2016;01;28;12.5;23.7
400009;Cañal Bajo,  Osorno Ad.;40&deg 36' 18'' S;61;2016;01;29;10.5;24.0
400009;Cañal Bajo,  Osorno Ad.;40&deg 36' 18'' S;61;2016;01;30;10.7;27.5
400009;Cañal Bajo,  Osorno Ad.;40&deg 36' 18'' S;61;2016;01;31;7.6;29.6
410005;El Tepual  Puerto Montt Ap.;41&deg 26' 6'' S;85;2016;01;01;6.9;24.4
410005;El Tepual  Puerto Montt Ap.;41&deg 26' 6'' S;85;2016;01;02;10.5;22.2
410005;El Tepual  Puerto Montt Ap.;41&deg 26' 6'' S;85;2016;01;03;9.4;18.2
410005;El Tepual  Puerto Montt Ap.;41&deg 26' 6'' S;85;2016;01;04;6.3;19.2
410005;El Tepual  Puerto Montt Ap.;41&deg 26' 6'' S;85;2016;01;05;9.7;20.7
410005;El Tepual  Puerto Montt Ap.;41&deg 26' 6'' S;85;2016;01;06;8.5;20.5
410005;El Tepual  Puerto Montt Ap.;41&deg 26' 6'' S;85;2016;01;07;6.1;23.5
410005;El Tepual  Puerto Montt Ap.;41&deg 26' 6'' S;85;2016;01;08;9.7;24.1
410005;El Tepual  Puerto Montt Ap.;41&deg 26' 6'' S;85;2016;01;09;9.0;25.3
410005;El Tepual  Puerto Montt Ap.;41&deg 26' 6'' S;85;2016;01;10;10.3;24.1
410005;El Tepual  Puerto Montt Ap.;41&deg 26' 6'' S;85;2016;01;11;11.2;19.3
410005;El Tepual  Puerto Montt Ap.;41&deg 26' 6'' S;85;2016;01;12;9.8;19.6
410005;El Tepual  Puerto Montt Ap.;41&deg 26' 6'' S;85;2016;01;13;9.8;20.4
410005;El Tepual  Puerto Montt Ap.;41&deg 26' 6'' S;85;2016;01;14;7.7;21.1
410005;El Tepual  Puerto Montt Ap.;41&deg 26' 6'' S;85;2016;01;15;13.2;22.2
410005;El Tepual  Puerto Montt Ap.;41&deg 26' 6'' S;85;2016;01;16;9.1;21.1
410005;El Tepual  Puerto Montt Ap.;41&deg 26' 6'' S;85;2016;01;17;10.9;22.0
410005;El Tepual  Puerto Montt Ap.;41&deg 26' 6'' S;85;2016;01;18;8.9;23.1
410005;El Tepual  Puerto Montt Ap.;41&deg 26' 6'' S;85;2016;01;19;6.3;24.2
410005;El Tepual  Puerto Montt Ap.;41&deg 26' 6'' S;85;2016;01;20;10.1;25.8
410005;El Tepual  Puerto Montt Ap.;41&deg 26' 6'' S;85;2016;01;21;10.6;25.3
410005;El Tepual  Puerto Montt Ap.;41&deg 26' 6'' S;85;2016;01;22;14.4;21.5
410005;El Tepual  Puerto Montt Ap.;41&deg 26' 6'' S;85;2016;01;23;8.8;24.7
410005;El Tepual  Puerto Montt Ap.;41&deg 26' 6'' S;85;2016;01;24;13.3;19.3
410005;El Tepual  Puerto Montt Ap.;41&deg 26' 6'' S;85;2016;01;25;10.7;20.5
410005;El Tepual  Puerto Montt Ap.;41&deg 26' 6'' S;85;2016;01;26;7.5;22.6
410005;El Tepual  Puerto Montt Ap.;41&deg 26' 6'' S;85;2016;01;27;13.3;20.2
410005;El Tepual  Puerto Montt Ap.;41&deg 26' 6'' S;85;2016;01;28;14.0;20.0
410005;El Tepual  Puerto Montt Ap.;41&deg 26' 6'' S;85;2016;01;29;8.4;21.7
410005;El Tepual  Puerto Montt Ap.;41&deg 26' 6'' S;85;2016;01;30;9.8;22.1
410005;El Tepual  Puerto Montt Ap.;41&deg 26' 6'' S;85;2016;01;31;8.7;23.5
430002;Futaleufú Ad.;43&deg 11' 20'' S;347;2016;01;01;7.9;27.3
430002;Futaleufú Ad.;43&deg 11' 20'' S;347;2016;01;02;8.9;18.9
430002;Futaleufú Ad.;43&deg 11' 20'' S;347;2016;01;03;9.3;21.0
430002;Futaleufú Ad.;43&deg 11' 20'' S;347;2016;01;04;5.1;19.1
430002;Futaleufú Ad.;43&deg 11' 20'' S;347;2016;01;05;2.3;26.8
430002;Futaleufú Ad.;43&deg 11' 20'' S;347;2016;01;06;6.5;29.8
430002;Futaleufú Ad.;43&deg 11' 20'' S;347;2016;01;07;7.9;31.6
430002;Futaleufú Ad.;43&deg 11' 20'' S;347;2016;01;08;9.1;28.3
430002;Futaleufú Ad.;43&deg 11' 20'' S;347;2016;01;09;9.3;29.3
430002;Futaleufú Ad.;43&deg 11' 20'' S;347;2016;01;10;14.2;26.1
430002;Futaleufú Ad.;43&deg 11' 20'' S;347;2016;01;11;9.3;23.7
430002;Futaleufú Ad.;43&deg 11' 20'' S;347;2016;01;12;13.4;19.0
430002;Futaleufú Ad.;43&deg 11' 20'' S;347;2016;01;13;8.0;26.5
430002;Futaleufú Ad.;43&deg 11' 20'' S;347;2016;01;14;7.2;25.9
430002;Futaleufú Ad.;43&deg 11' 20'' S;347;2016;01;15;12.6;21.7
430002;Futaleufú Ad.;43&deg 11' 20'' S;347;2016;01;16;11.3;19.0
430002;Futaleufú Ad.;43&deg 11' 20'' S;347;2016;01;17;11.6;20.9
430002;Futaleufú Ad.;43&deg 11' 20'' S;347;2016;01;18;7.5;24.7
430002;Futaleufú Ad.;43&deg 11' 20'' S;347;2016;01;19;7.4;29.7
430002;Futaleufú Ad.;43&deg 11' 20'' S;347;2016;01;20;11.1;33.1
430002;Futaleufú Ad.;43&deg 11' 20'' S;347;2016;01;21;12.2;30.7
430002;Futaleufú Ad.;43&deg 11' 20'' S;347;2016;01;22;15.2;25.5
430002;Futaleufú Ad.;43&deg 11' 20'' S;347;2016;01;23;8.8;29.6
430002;Futaleufú Ad.;43&deg 11' 20'' S;347;2016;01;24;13.4;19.4
430002;Futaleufú Ad.;43&deg 11' 20'' S;347;2016;01;25;10.9;19.4
430002;Futaleufú Ad.;43&deg 11' 20'' S;347;2016;01;26;5.9;15.5
430002;Futaleufú Ad.;43&deg 11' 20'' S;347;2016;01;27;10.6;20.2
430002;Futaleufú Ad.;43&deg 11' 20'' S;347;2016;01;28;10.6;23.5
430002;Futaleufú Ad.;43&deg 11' 20'' S;347;2016;01;29;9.8;22.9
430002;Futaleufú Ad.;43&deg 11' 20'' S;347;2016;01;30;5.0;29.0
430002;Futaleufú Ad.;43&deg 11' 20'' S;347;2016;01;31;7.3;33.9
430004;Alto Palena Ad.;43&deg 36' 42'' S;281;2016;01;01;7.1;27.8
430004;Alto Palena Ad.;43&deg 36' 42'' S;281;2016;01;02;9.9;17.6
430004;Alto Palena Ad.;43&deg 36' 42'' S;281;2016;01;03;9.0;21.2
430004;Alto Palena Ad.;43&deg 36' 42'' S;281;2016;01;04;6.7;19.2
430004;Alto Palena Ad.;43&deg 36' 42'' S;281;2016;01;05;2.8;27.4
430004;Alto Palena Ad.;43&deg 36' 42'' S;281;2016;01;06;6.4;30.6
430004;Alto Palena Ad.;43&deg 36' 42'' S;281;2016;01;07;8.1;32.3
430004;Alto Palena Ad.;43&deg 36' 42'' S;281;2016;01;08;8.4;29.0
430004;Alto Palena Ad.;43&deg 36' 42'' S;281;2016;01;09;9.6;29.7
430004;Alto Palena Ad.;43&deg 36' 42'' S;281;2016;01;10;13.7;26.8
430004;Alto Palena Ad.;43&deg 36' 42'' S;281;2016;01;11;11.0;23.4
430004;Alto Palena Ad.;43&deg 36' 42'' S;281;2016;01;12;13.6;18.8
430004;Alto Palena Ad.;43&deg 36' 42'' S;281;2016;01;13;11.4;27.0
430004;Alto Palena Ad.;43&deg 36' 42'' S;281;2016;01;14;6.9;26.7
430004;Alto Palena Ad.;43&deg 36' 42'' S;281;2016;01;15;6.9;22.3
430004;Alto Palena Ad.;43&deg 36' 42'' S;281;2016;01;16;12.2;19.5
430004;Alto Palena Ad.;43&deg 36' 42'' S;281;2016;01;17;11.6;21.5
430004;Alto Palena Ad.;43&deg 36' 42'' S;281;2016;01;18;6.3;23.5
430004;Alto Palena Ad.;43&deg 36' 42'' S;281;2016;01;19;7.1;30.4
430004;Alto Palena Ad.;43&deg 36' 42'' S;281;2016;01;20;10.0;33.6
430004;Alto Palena Ad.;43&deg 36' 42'' S;281;2016;01;21;11.2;31.2
430004;Alto Palena Ad.;43&deg 36' 42'' S;281;2016;01;22;15.8;26.0
430004;Alto Palena Ad.;43&deg 36' 42'' S;281;2016;01;23;8.6;29.2
430004;Alto Palena Ad.;43&deg 36' 42'' S;281;2016;01;24;13.1;20.1
430004;Alto Palena Ad.;43&deg 36' 42'' S;281;2016;01;25;9.0;19.8
430004;Alto Palena Ad.;43&deg 36' 42'' S;281;2016;01;26;4.8;15.7
430004;Alto Palena Ad.;43&deg 36' 42'' S;281;2016;01;27;10.2;19.5
430004;Alto Palena Ad.;43&deg 36' 42'' S;281;2016;01;28;13.5;23.3
430004;Alto Palena Ad.;43&deg 36' 42'' S;281;2016;01;29;9.6;22.7
430004;Alto Palena Ad.;43&deg 36' 42'' S;281;2016;01;30;5.6;29.3
430004;Alto Palena Ad.;43&deg 36' 42'' S;281;2016;01;31;6.9;34.5
450001;Puerto Aysén Ad.;45&deg 23' 58'' S;11;2016;01;04;9.6;16.2
450001;Puerto Aysén Ad.;45&deg 23' 58'' S;11;2016;01;05;9.2;20.0
450001;Puerto Aysén Ad.;45&deg 23' 58'' S;11;2016;01;06;7.4;23.0
450001;Puerto Aysén Ad.;45&deg 23' 58'' S;11;2016;01;07;8.0;24.4
450001;Puerto Aysén Ad.;45&deg 23' 58'' S;11;2016;01;08;11.0;
450001;Puerto Aysén Ad.;45&deg 23' 58'' S;11;2016;01;11;12.8;
450001;Puerto Aysén Ad.;45&deg 23' 58'' S;11;2016;01;12;13.0;16.0
450001;Puerto Aysén Ad.;45&deg 23' 58'' S;11;2016;01;13;13.0;19.4
450001;Puerto Aysén Ad.;45&deg 23' 58'' S;11;2016;01;14;9.0;22.6
450001;Puerto Aysén Ad.;45&deg 23' 58'' S;11;2016;01;15;14.2;
450001;Puerto Aysén Ad.;45&deg 23' 58'' S;11;2016;01;18;13.2;
450001;Puerto Aysén Ad.;45&deg 23' 58'' S;11;2016;01;19;9.4;22.6
450001;Puerto Aysén Ad.;45&deg 23' 58'' S;11;2016;01;20;9.8;27.1
450001;Puerto Aysén Ad.;45&deg 23' 58'' S;11;2016;01;21;11.4;
450001;Puerto Aysén Ad.;45&deg 23' 58'' S;11;2016;01;22;15.6;
450001;Puerto Aysén Ad.;45&deg 23' 58'' S;11;2016;01;23;;
450001;Puerto Aysén Ad.;45&deg 23' 58'' S;11;2016;01;25;9.4;18.0
450001;Puerto Aysén Ad.;45&deg 23' 58'' S;11;2016;01;26;8.4;19.8
450001;Puerto Aysén Ad.;45&deg 23' 58'' S;11;2016;01;27;12.4;
450001;Puerto Aysén Ad.;45&deg 23' 58'' S;11;2016;01;28;14.0;18.5
450001;Puerto Aysén Ad.;45&deg 23' 58'' S;11;2016;01;29;13.2;
450001;Puerto Aysén Ad.;45&deg 23' 58'' S;11;2016;01;03;;17.4
450001;Puerto Aysén Ad.;45&deg 23' 58'' S;11;2016;01;10;;22.2
450001;Puerto Aysén Ad.;45&deg 23' 58'' S;11;2016;01;24;;17.0
450001;Puerto Aysén Ad.;45&deg 23' 58'' S;11;2016;01;31;;25.2
450004;Teniente Vidal, Coyhaique Ad.;45&deg 35' 38'' S;310;2016;01;01;7.1;25.1
450004;Teniente Vidal, Coyhaique Ad.;45&deg 35' 38'' S;310;2016;01;02;13.4;16.5
450004;Teniente Vidal, Coyhaique Ad.;45&deg 35' 38'' S;310;2016;01;03;3.5;17.6
450004;Teniente Vidal, Coyhaique Ad.;45&deg 35' 38'' S;310;2016;01;04;8.7;18.4
450004;Teniente Vidal, Coyhaique Ad.;45&deg 35' 38'' S;310;2016;01;05;4.1;23.5
450004;Teniente Vidal, Coyhaique Ad.;45&deg 35' 38'' S;310;2016;01;06;4.9;25.5
450004;Teniente Vidal, Coyhaique Ad.;45&deg 35' 38'' S;310;2016;01;07;5.4;30.6
450004;Teniente Vidal, Coyhaique Ad.;45&deg 35' 38'' S;310;2016;01;08;10.1;28.6
450004;Teniente Vidal, Coyhaique Ad.;45&deg 35' 38'' S;310;2016;01;09;10.6;28.3
450004;Teniente Vidal, Coyhaique Ad.;45&deg 35' 38'' S;310;2016;01;10;12.0;24.1
450004;Teniente Vidal, Coyhaique Ad.;45&deg 35' 38'' S;310;2016;01;11;11.6;19.3
450004;Teniente Vidal, Coyhaique Ad.;45&deg 35' 38'' S;310;2016;01;12;12.7;18.7
450004;Teniente Vidal, Coyhaique Ad.;45&deg 35' 38'' S;310;2016;01;13;11.4;22.0
450004;Teniente Vidal, Coyhaique Ad.;45&deg 35' 38'' S;310;2016;01;14;8.9;26.5
450004;Teniente Vidal, Coyhaique Ad.;45&deg 35' 38'' S;310;2016;01;15;12.3;21.7
450004;Teniente Vidal, Coyhaique Ad.;45&deg 35' 38'' S;310;2016;01;16;12.0;18.8
450004;Teniente Vidal, Coyhaique Ad.;45&deg 35' 38'' S;310;2016;01;17;11.5;20.0
450004;Teniente Vidal, Coyhaique Ad.;45&deg 35' 38'' S;310;2016;01;18;13.5;24.4
450004;Teniente Vidal, Coyhaique Ad.;45&deg 35' 38'' S;310;2016;01;19;8.2;25.5
450004;Teniente Vidal, Coyhaique Ad.;45&deg 35' 38'' S;310;2016;01;20;7.9;31.4
450004;Teniente Vidal, Coyhaique Ad.;45&deg 35' 38'' S;310;2016;01;21;13.0;31.3
450004;Teniente Vidal, Coyhaique Ad.;45&deg 35' 38'' S;310;2016;01;22;13.0;24.6
450004;Teniente Vidal, Coyhaique Ad.;45&deg 35' 38'' S;310;2016;01;23;10.3;22.8
450004;Teniente Vidal, Coyhaique Ad.;45&deg 35' 38'' S;310;2016;01;24;11.0;18.4
450004;Teniente Vidal, Coyhaique Ad.;45&deg 35' 38'' S;310;2016;01;25;7.8;17.3
450004;Teniente Vidal, Coyhaique Ad.;45&deg 35' 38'' S;310;2016;01;26;6.5;19.9
450004;Teniente Vidal, Coyhaique Ad.;45&deg 35' 38'' S;310;2016;01;27;9.7;22.9
450004;Teniente Vidal, Coyhaique Ad.;45&deg 35' 38'' S;310;2016;01;28;12.3;21.4
450004;Teniente Vidal, Coyhaique Ad.;45&deg 35' 38'' S;310;2016;01;29;12.9;21.4
450004;Teniente Vidal, Coyhaique Ad.;45&deg 35' 38'' S;310;2016;01;30;6.7;25.9
450004;Teniente Vidal, Coyhaique Ad.;45&deg 35' 38'' S;310;2016;01;31;4.9;30.8
450005;Balmaceda Ad.;45&deg 54' 46'' S;517;2016;01;01;6.4;23.1
450005;Balmaceda Ad.;45&deg 54' 46'' S;517;2016;01;02;9.3;16.8
450005;Balmaceda Ad.;45&deg 54' 46'' S;517;2016;01;03;2.2;15.7
450005;Balmaceda Ad.;45&deg 54' 46'' S;517;2016;01;04;4.7;17.6
450005;Balmaceda Ad.;45&deg 54' 46'' S;517;2016;01;05;1.6;21.5
450005;Balmaceda Ad.;45&deg 54' 46'' S;517;2016;01;06;0.3;24.0
450005;Balmaceda Ad.;45&deg 54' 46'' S;517;2016;01;07;-1.6;29.0
450005;Balmaceda Ad.;45&deg 54' 46'' S;517;2016;01;08;3.8;27.3
450005;Balmaceda Ad.;45&deg 54' 46'' S;517;2016;01;09;2.1;27.1
450005;Balmaceda Ad.;45&deg 54' 46'' S;517;2016;01;10;8.2;22.8
450005;Balmaceda Ad.;45&deg 54' 46'' S;517;2016;01;11;10.4;18.2
450005;Balmaceda Ad.;45&deg 54' 46'' S;517;2016;01;12;9.7;17.2
450005;Balmaceda Ad.;45&deg 54' 46'' S;517;2016;01;13;9.6;20.6
450005;Balmaceda Ad.;45&deg 54' 46'' S;517;2016;01;14;6.0;24.2
450005;Balmaceda Ad.;45&deg 54' 46'' S;517;2016;01;15;7.4;22.4
450005;Balmaceda Ad.;45&deg 54' 46'' S;517;2016;01;16;10.0;17.5
450005;Balmaceda Ad.;45&deg 54' 46'' S;517;2016;01;17;9.2;19.7
450005;Balmaceda Ad.;45&deg 54' 46'' S;517;2016;01;18;7.6;21.9
450005;Balmaceda Ad.;45&deg 54' 46'' S;517;2016;01;19;2.3;23.5
450005;Balmaceda Ad.;45&deg 54' 46'' S;517;2016;01;20;2.7;29.0
450005;Balmaceda Ad.;45&deg 54' 46'' S;517;2016;01;21;7.4;29.8
450005;Balmaceda Ad.;45&deg 54' 46'' S;517;2016;01;22;13.6;23.8
450005;Balmaceda Ad.;45&deg 54' 46'' S;517;2016;01;23;5.5;20.8
450005;Balmaceda Ad.;45&deg 54' 46'' S;517;2016;01;24;8.9;17.1
450005;Balmaceda Ad.;45&deg 54' 46'' S;517;2016;01;25;5.6;17.1
450005;Balmaceda Ad.;45&deg 54' 46'' S;517;2016;01;26;5.5;20.3
450005;Balmaceda Ad.;45&deg 54' 46'' S;517;2016;01;27;6.8;21.5
450005;Balmaceda Ad.;45&deg 54' 46'' S;517;2016;01;28;11.3;19.8
450005;Balmaceda Ad.;45&deg 54' 46'' S;517;2016;01;29;10.7;20.3
450005;Balmaceda Ad.;45&deg 54' 46'' S;517;2016;01;30;-1.1;24.2
450005;Balmaceda Ad.;45&deg 54' 46'' S;517;2016;01;31;-1.6;30.1
460001;Chile Chico Ad.;46&deg 34' 51'' S;306;2016;01;01;4.4;25.5
460001;Chile Chico Ad.;46&deg 34' 51'' S;306;2016;01;02;9.6;21.5
460001;Chile Chico Ad.;46&deg 34' 51'' S;306;2016;01;03;0.5;19.8
460001;Chile Chico Ad.;46&deg 34' 51'' S;306;2016;01;04;3.1;21.1
460001;Chile Chico Ad.;46&deg 34' 51'' S;306;2016;01;05;2.6;28.7
460001;Chile Chico Ad.;46&deg 34' 51'' S;306;2016;01;06;11.2;25.5
460001;Chile Chico Ad.;46&deg 34' 51'' S;306;2016;01;07;6.5;31.8
460001;Chile Chico Ad.;46&deg 34' 51'' S;306;2016;01;08;10.6;26.6
460001;Chile Chico Ad.;46&deg 34' 51'' S;306;2016;01;09;7.9;30.3
460001;Chile Chico Ad.;46&deg 34' 51'' S;306;2016;01;10;11.7;28.4
460001;Chile Chico Ad.;46&deg 34' 51'' S;306;2016;01;11;5.8;23.2
460001;Chile Chico Ad.;46&deg 34' 51'' S;306;2016;01;12;14.5;23.2
460001;Chile Chico Ad.;46&deg 34' 51'' S;306;2016;01;13;12.1;26.8
460001;Chile Chico Ad.;46&deg 34' 51'' S;306;2016;01;14;6.7;27.9
460001;Chile Chico Ad.;46&deg 34' 51'' S;306;2016;01;15;10.8;22.6
460001;Chile Chico Ad.;46&deg 34' 51'' S;306;2016;01;16;7.8;21.9
460001;Chile Chico Ad.;46&deg 34' 51'' S;306;2016;01;17;9.4;23.6
460001;Chile Chico Ad.;46&deg 34' 51'' S;306;2016;01;18;5.8;26.7
460001;Chile Chico Ad.;46&deg 34' 51'' S;306;2016;01;19;7.2;26.5
460001;Chile Chico Ad.;46&deg 34' 51'' S;306;2016;01;20;9.7;31.2
460001;Chile Chico Ad.;46&deg 34' 51'' S;306;2016;01;21;11.4;32.4
460001;Chile Chico Ad.;46&deg 34' 51'' S;306;2016;01;22;13.5;28.6
460001;Chile Chico Ad.;46&deg 34' 51'' S;306;2016;01;23;11.2;26.5
460001;Chile Chico Ad.;46&deg 34' 51'' S;306;2016;01;24;11.1;20.0
460001;Chile Chico Ad.;46&deg 34' 51'' S;306;2016;01;25;6.8;20.9
460001;Chile Chico Ad.;46&deg 34' 51'' S;306;2016;01;26;3.3;23.9
460001;Chile Chico Ad.;46&deg 34' 51'' S;306;2016;01;27;7.3;25.2
460001;Chile Chico Ad.;46&deg 34' 51'' S;306;2016;01;28;8.7;25.3
460001;Chile Chico Ad.;46&deg 34' 51'' S;306;2016;01;29;8.6;23.9
460001;Chile Chico Ad.;46&deg 34' 51'' S;306;2016;01;30;5.0;26.2
460001;Chile Chico Ad.;46&deg 34' 51'' S;306;2016;01;31;5.9;26.9
470001;Lord Cochrane Ad.;47&deg 14' 38'' S;204;2016;01;01;8.0;23.4
470001;Lord Cochrane Ad.;47&deg 14' 38'' S;204;2016;01;02;12.2;18.0
470001;Lord Cochrane Ad.;47&deg 14' 38'' S;204;2016;01;03;4.0;18.7
470001;Lord Cochrane Ad.;47&deg 14' 38'' S;204;2016;01;04;6.1;20.0
470001;Lord Cochrane Ad.;47&deg 14' 38'' S;204;2016;01;05;6.9;21.8
470001;Lord Cochrane Ad.;47&deg 14' 38'' S;204;2016;01;06;8.0;24.3
470001;Lord Cochrane Ad.;47&deg 14' 38'' S;204;2016;01;07;6.4;25.9
470001;Lord Cochrane Ad.;47&deg 14' 38'' S;204;2016;01;08;11.0;28.2
470001;Lord Cochrane Ad.;47&deg 14' 38'' S;204;2016;01;09;10.8;27.2
470001;Lord Cochrane Ad.;47&deg 14' 38'' S;204;2016;01;10;14.8;26.0
470001;Lord Cochrane Ad.;47&deg 14' 38'' S;204;2016;01;11;10.0;21.0
470001;Lord Cochrane Ad.;47&deg 14' 38'' S;204;2016;01;12;11.5;21.2
470001;Lord Cochrane Ad.;47&deg 14' 38'' S;204;2016;01;13;11.3;22.3
470001;Lord Cochrane Ad.;47&deg 14' 38'' S;204;2016;01;14;10.8;25.6
470001;Lord Cochrane Ad.;47&deg 14' 38'' S;204;2016;01;15;10.7;
470001;Lord Cochrane Ad.;47&deg 14' 38'' S;204;2016;01;16;12.0;21.8
470001;Lord Cochrane Ad.;47&deg 14' 38'' S;204;2016;01;17;10.8;23.2
470001;Lord Cochrane Ad.;47&deg 14' 38'' S;204;2016;01;18;8.8;24.2
470001;Lord Cochrane Ad.;47&deg 14' 38'' S;204;2016;01;19;8.3;28.2
470001;Lord Cochrane Ad.;47&deg 14' 38'' S;204;2016;01;20;11.2;30.5
470001;Lord Cochrane Ad.;47&deg 14' 38'' S;204;2016;01;21;12.3;31.1
470001;Lord Cochrane Ad.;47&deg 14' 38'' S;204;2016;01;22;17.0;26.0
470001;Lord Cochrane Ad.;47&deg 14' 38'' S;204;2016;01;23;11.4;21.6
470001;Lord Cochrane Ad.;47&deg 14' 38'' S;204;2016;01;24;9.9;19.3
470001;Lord Cochrane Ad.;47&deg 14' 38'' S;204;2016;01;25;8.0;20.2
470001;Lord Cochrane Ad.;47&deg 14' 38'' S;204;2016;01;26;4.8;23.7
470001;Lord Cochrane Ad.;47&deg 14' 38'' S;204;2016;01;27;10.0;23.9
470001;Lord Cochrane Ad.;47&deg 14' 38'' S;204;2016;01;28;13.1;25.1
470001;Lord Cochrane Ad.;47&deg 14' 38'' S;204;2016;01;29;9.2;22.2
470001;Lord Cochrane Ad.;47&deg 14' 38'' S;204;2016;01;30;6.2;26.0
470001;Lord Cochrane Ad.;47&deg 14' 38'' S;204;2016;01;31;7.0;30.9
510005;Teniente Gallardo, Puerto Natales Ad.;51&deg 40' 2'' S;69;2016;01;01;2.3;22.8
510005;Teniente Gallardo, Puerto Natales Ad.;51&deg 40' 2'' S;69;2016;01;02;7.3;16.6
510005;Teniente Gallardo, Puerto Natales Ad.;51&deg 40' 2'' S;69;2016;01;03;0.4;14.3
510005;Teniente Gallardo, Puerto Natales Ad.;51&deg 40' 2'' S;69;2016;01;04;4.4;17.9
510005;Teniente Gallardo, Puerto Natales Ad.;51&deg 40' 2'' S;69;2016;01;05;10.2;17.9
510005;Teniente Gallardo, Puerto Natales Ad.;51&deg 40' 2'' S;69;2016;01;06;3.6;15.6
510005;Teniente Gallardo, Puerto Natales Ad.;51&deg 40' 2'' S;69;2016;01;07;6.5;20.5
510005;Teniente Gallardo, Puerto Natales Ad.;51&deg 40' 2'' S;69;2016;01;08;4.8;20.0
510005;Teniente Gallardo, Puerto Natales Ad.;51&deg 40' 2'' S;69;2016;01;09;8.0;20.4
510005;Teniente Gallardo, Puerto Natales Ad.;51&deg 40' 2'' S;69;2016;01;10;8.0;17.4
510005;Teniente Gallardo, Puerto Natales Ad.;51&deg 40' 2'' S;69;2016;01;11;11.9;17.5
510005;Teniente Gallardo, Puerto Natales Ad.;51&deg 40' 2'' S;69;2016;01;12;4.0;18.0
510005;Teniente Gallardo, Puerto Natales Ad.;51&deg 40' 2'' S;69;2016;01;13;0.9;16.4
510005;Teniente Gallardo, Puerto Natales Ad.;51&deg 40' 2'' S;69;2016;01;14;8.7;19.8
510005;Teniente Gallardo, Puerto Natales Ad.;51&deg 40' 2'' S;69;2016;01;15;-0.4;22.7
510005;Teniente Gallardo, Puerto Natales Ad.;51&deg 40' 2'' S;69;2016;01;16;10.9;18.9
510005;Teniente Gallardo, Puerto Natales Ad.;51&deg 40' 2'' S;69;2016;01;17;3.4;19.6
510005;Teniente Gallardo, Puerto Natales Ad.;51&deg 40' 2'' S;69;2016;01;18;4.0;18.7
510005;Teniente Gallardo, Puerto Natales Ad.;51&deg 40' 2'' S;69;2016;01;19;5.6;19.2
510005;Teniente Gallardo, Puerto Natales Ad.;51&deg 40' 2'' S;69;2016;01;20;2.3;24.6
510005;Teniente Gallardo, Puerto Natales Ad.;51&deg 40' 2'' S;69;2016;01;21;9.9;23.2
510005;Teniente Gallardo, Puerto Natales Ad.;51&deg 40' 2'' S;69;2016;01;22;8.0;16.7
510005;Teniente Gallardo, Puerto Natales Ad.;51&deg 40' 2'' S;69;2016;01;23;7.9;20.6
510005;Teniente Gallardo, Puerto Natales Ad.;51&deg 40' 2'' S;69;2016;01;24;7.0;10.9
510005;Teniente Gallardo, Puerto Natales Ad.;51&deg 40' 2'' S;69;2016;01;25;5.4;16.0
510005;Teniente Gallardo, Puerto Natales Ad.;51&deg 40' 2'' S;69;2016;01;26;7.2;16.4
510005;Teniente Gallardo, Puerto Natales Ad.;51&deg 40' 2'' S;69;2016;01;27;6.9;20.8
510005;Teniente Gallardo, Puerto Natales Ad.;51&deg 40' 2'' S;69;2016;01;28;8.2;21.4
510005;Teniente Gallardo, Puerto Natales Ad.;51&deg 40' 2'' S;69;2016;01;29;7.4;18.0
510005;Teniente Gallardo, Puerto Natales Ad.;51&deg 40' 2'' S;69;2016;01;30;7.0;21.9
510005;Teniente Gallardo, Puerto Natales Ad.;51&deg 40' 2'' S;69;2016;01;31;8.6;24.8
520006;Carlos Ibañez, Punta Arenas Ap.;53&deg 0' 12'' S;38;2016;01;01;6.9;16.2
520006;Carlos Ibañez, Punta Arenas Ap.;53&deg 0' 12'' S;38;2016;01;02;9.7;17.0
520006;Carlos Ibañez, Punta Arenas Ap.;53&deg 0' 12'' S;38;2016;01;03;6.5;14.8
520006;Carlos Ibañez, Punta Arenas Ap.;53&deg 0' 12'' S;38;2016;01;04;7.7;16.3
520006;Carlos Ibañez, Punta Arenas Ap.;53&deg 0' 12'' S;38;2016;01;05;9.5;16.9
520006;Carlos Ibañez, Punta Arenas Ap.;53&deg 0' 12'' S;38;2016;01;06;5.6;12.7
520006;Carlos Ibañez, Punta Arenas Ap.;53&deg 0' 12'' S;38;2016;01;07;8.7;15.5
520006;Carlos Ibañez, Punta Arenas Ap.;53&deg 0' 12'' S;38;2016;01;08;4.9;12.8
520006;Carlos Ibañez, Punta Arenas Ap.;53&deg 0' 12'' S;38;2016;01;09;7.2;16.3
520006;Carlos Ibañez, Punta Arenas Ap.;53&deg 0' 12'' S;38;2016;01;10;7.3;13.4
520006;Carlos Ibañez, Punta Arenas Ap.;53&deg 0' 12'' S;38;2016;01;11;7.3;12.3
520006;Carlos Ibañez, Punta Arenas Ap.;53&deg 0' 12'' S;38;2016;01;12;2.2;10.2
520006;Carlos Ibañez, Punta Arenas Ap.;53&deg 0' 12'' S;38;2016;01;13;5.0;12.5
520006;Carlos Ibañez, Punta Arenas Ap.;53&deg 0' 12'' S;38;2016;01;14;1.7;12.7
520006;Carlos Ibañez, Punta Arenas Ap.;53&deg 0' 12'' S;38;2016;01;15;1.2;18.2
520006;Carlos Ibañez, Punta Arenas Ap.;53&deg 0' 12'' S;38;2016;01;16;2.5;14.8
520006;Carlos Ibañez, Punta Arenas Ap.;53&deg 0' 12'' S;38;2016;01;17;6.7;16.3
520006;Carlos Ibañez, Punta Arenas Ap.;53&deg 0' 12'' S;38;2016;01;18;9.3;16.7
520006;Carlos Ibañez, Punta Arenas Ap.;53&deg 0' 12'' S;38;2016;01;19;8.9;17.1
520006;Carlos Ibañez, Punta Arenas Ap.;53&deg 0' 12'' S;38;2016;01;20;5.9;19.7
520006;Carlos Ibañez, Punta Arenas Ap.;53&deg 0' 12'' S;38;2016;01;21;10.2;15.4
520006;Carlos Ibañez, Punta Arenas Ap.;53&deg 0' 12'' S;38;2016;01;22;5.3;15.8
520006;Carlos Ibañez, Punta Arenas Ap.;53&deg 0' 12'' S;38;2016;01;23;7.5;16.7
520006;Carlos Ibañez, Punta Arenas Ap.;53&deg 0' 12'' S;38;2016;01;24;8.1;11.5
520006;Carlos Ibañez, Punta Arenas Ap.;53&deg 0' 12'' S;38;2016;01;25;6.1;13.8
520006;Carlos Ibañez, Punta Arenas Ap.;53&deg 0' 12'' S;38;2016;01;26;8.0;15.3
520006;Carlos Ibañez, Punta Arenas Ap.;53&deg 0' 12'' S;38;2016;01;27;7.8;19.2
520006;Carlos Ibañez, Punta Arenas Ap.;53&deg 0' 12'' S;38;2016;01;28;8.0;21.2
520006;Carlos Ibañez, Punta Arenas Ap.;53&deg 0' 12'' S;38;2016;01;29;9.4;16.6
520006;Carlos Ibañez, Punta Arenas Ap.;53&deg 0' 12'' S;38;2016;01;30;8.6;19.1
520006;Carlos Ibañez, Punta Arenas Ap.;53&deg 0' 12'' S;38;2016;01;31;12.2;20.6
530005;Fuentes Martínez, Porvenir Ad.;53&deg 15' 13'' S;25;2016;01;02;10.6;
530005;Fuentes Martínez, Porvenir Ad.;53&deg 15' 13'' S;25;2016;01;04;9.4;16.4
530005;Fuentes Martínez, Porvenir Ad.;53&deg 15' 13'' S;25;2016;01;05;9.3;15.8
530005;Fuentes Martínez, Porvenir Ad.;53&deg 15' 13'' S;25;2016;01;06;5.8;14.2
530005;Fuentes Martínez, Porvenir Ad.;53&deg 15' 13'' S;25;2016;01;07;9.4;15.8
530005;Fuentes Martínez, Porvenir Ad.;53&deg 15' 13'' S;25;2016;01;08;4.9;11.8
530005;Fuentes Martínez, Porvenir Ad.;53&deg 15' 13'' S;25;2016;01;09;4.1;16.5
530005;Fuentes Martínez, Porvenir Ad.;53&deg 15' 13'' S;25;2016;01;10;7.1;14.3
530005;Fuentes Martínez, Porvenir Ad.;53&deg 15' 13'' S;25;2016;01;11;7.0;11.2
530005;Fuentes Martínez, Porvenir Ad.;53&deg 15' 13'' S;25;2016;01;12;2.7;10.4
530005;Fuentes Martínez, Porvenir Ad.;53&deg 15' 13'' S;25;2016;01;13;4.7;13.1
530005;Fuentes Martínez, Porvenir Ad.;53&deg 15' 13'' S;25;2016;01;14;3.9;12.5
530005;Fuentes Martínez, Porvenir Ad.;53&deg 15' 13'' S;25;2016;01;15;-2.0;20.2
530005;Fuentes Martínez, Porvenir Ad.;53&deg 15' 13'' S;25;2016;01;16;5.9;15.9
530005;Fuentes Martínez, Porvenir Ad.;53&deg 15' 13'' S;25;2016;01;17;7.7;16.4
530005;Fuentes Martínez, Porvenir Ad.;53&deg 15' 13'' S;25;2016;01;18;8.0;15.9
530005;Fuentes Martínez, Porvenir Ad.;53&deg 15' 13'' S;25;2016;01;19;4.4;16.3
530005;Fuentes Martínez, Porvenir Ad.;53&deg 15' 13'' S;25;2016;01;20;3.6;20.0
530005;Fuentes Martínez, Porvenir Ad.;53&deg 15' 13'' S;25;2016;01;21;10.7;16.3
530005;Fuentes Martínez, Porvenir Ad.;53&deg 15' 13'' S;25;2016;01;22;4.9;15.1
530005;Fuentes Martínez, Porvenir Ad.;53&deg 15' 13'' S;25;2016;01;23;4.1;17.5
530005;Fuentes Martínez, Porvenir Ad.;53&deg 15' 13'' S;25;2016;01;24;8.9;11.6
530005;Fuentes Martínez, Porvenir Ad.;53&deg 15' 13'' S;25;2016;01;25;6.1;14.0
530005;Fuentes Martínez, Porvenir Ad.;53&deg 15' 13'' S;25;2016;01;26;8.1;15.3
530005;Fuentes Martínez, Porvenir Ad.;53&deg 15' 13'' S;25;2016;01;27;8.5;19.4
530005;Fuentes Martínez, Porvenir Ad.;53&deg 15' 13'' S;25;2016;01;28;7.9;21.0
530005;Fuentes Martínez, Porvenir Ad.;53&deg 15' 13'' S;25;2016;01;29;10.3;17.5
530005;Fuentes Martínez, Porvenir Ad.;53&deg 15' 13'' S;25;2016;01;30;6.8;18.9
530005;Fuentes Martínez, Porvenir Ad.;53&deg 15' 13'' S;25;2016;01;31;12.5;20.4
530005;Fuentes Martínez, Porvenir Ad.;53&deg 15' 13'' S;25;2016;01;01;;21.0
530005;Fuentes Martínez, Porvenir Ad.;53&deg 15' 13'' S;25;2016;01;03;;14.2
550001;Guardia Marina Zañartu, Pto Williams Ad.;54&deg 55' 54'' S;15;2016;01;01;9.3;18.3
550001;Guardia Marina Zañartu, Pto Williams Ad.;54&deg 55' 54'' S;15;2016;01;02;8.9;18.5
550001;Guardia Marina Zañartu, Pto Williams Ad.;54&deg 55' 54'' S;15;2016;01;03;4.5;12.4
550001;Guardia Marina Zañartu, Pto Williams Ad.;54&deg 55' 54'' S;15;2016;01;04;6.7;14.6
550001;Guardia Marina Zañartu, Pto Williams Ad.;54&deg 55' 54'' S;15;2016;01;05;8.4;15.3
550001;Guardia Marina Zañartu, Pto Williams Ad.;54&deg 55' 54'' S;15;2016;01;06;5.1;12.5
550001;Guardia Marina Zañartu, Pto Williams Ad.;54&deg 55' 54'' S;15;2016;01;07;9.6;10.3
550001;Guardia Marina Zañartu, Pto Williams Ad.;54&deg 55' 54'' S;15;2016;01;08;2.5;11.3
550001;Guardia Marina Zañartu, Pto Williams Ad.;54&deg 55' 54'' S;15;2016;01;09;5.4;16.7
550001;Guardia Marina Zañartu, Pto Williams Ad.;54&deg 55' 54'' S;15;2016;01;10;4.9;12.3
550001;Guardia Marina Zañartu, Pto Williams Ad.;54&deg 55' 54'' S;15;2016;01;11;5.3;7.8
550001;Guardia Marina Zañartu, Pto Williams Ad.;54&deg 55' 54'' S;15;2016;01;12;0.2;7.3
550001;Guardia Marina Zañartu, Pto Williams Ad.;54&deg 55' 54'' S;15;2016;01;13;2.8;10.5
550001;Guardia Marina Zañartu, Pto Williams Ad.;54&deg 55' 54'' S;15;2016;01;14;5.2;9.6
550001;Guardia Marina Zañartu, Pto Williams Ad.;54&deg 55' 54'' S;15;2016;01;15;2.3;14.1
550001;Guardia Marina Zañartu, Pto Williams Ad.;54&deg 55' 54'' S;15;2016;01;16;4.5;13.0
550001;Guardia Marina Zañartu, Pto Williams Ad.;54&deg 55' 54'' S;15;2016;01;17;6.4;13.1
550001;Guardia Marina Zañartu, Pto Williams Ad.;54&deg 55' 54'' S;15;2016;01;18;9.2;12.8
550001;Guardia Marina Zañartu, Pto Williams Ad.;54&deg 55' 54'' S;15;2016;01;19;8.5;12.2
550001;Guardia Marina Zañartu, Pto Williams Ad.;54&deg 55' 54'' S;15;2016;01;20;8.1;14.7
550001;Guardia Marina Zañartu, Pto Williams Ad.;54&deg 55' 54'' S;15;2016;01;21;10.8;13.2
550001;Guardia Marina Zañartu, Pto Williams Ad.;54&deg 55' 54'' S;15;2016;01;22;5.6;12.2
550001;Guardia Marina Zañartu, Pto Williams Ad.;54&deg 55' 54'' S;15;2016;01;23;3.0;12.4
550001;Guardia Marina Zañartu, Pto Williams Ad.;54&deg 55' 54'' S;15;2016;01;24;5.8;12.5
550001;Guardia Marina Zañartu, Pto Williams Ad.;54&deg 55' 54'' S;15;2016;01;25;6.9;12.1
550001;Guardia Marina Zañartu, Pto Williams Ad.;54&deg 55' 54'' S;15;2016;01;26;5.8;17.8
550001;Guardia Marina Zañartu, Pto Williams Ad.;54&deg 55' 54'' S;15;2016;01;27;7.2;17.8
550001;Guardia Marina Zañartu, Pto Williams Ad.;54&deg 55' 54'' S;15;2016;01;28;6.4;19.8
550001;Guardia Marina Zañartu, Pto Williams Ad.;54&deg 55' 54'' S;15;2016;01;29;9.3;17.9
550001;Guardia Marina Zañartu, Pto Williams Ad.;54&deg 55' 54'' S;15;2016;01;30;3.7;17.9
550001;Guardia Marina Zañartu, Pto Williams Ad.;54&deg 55' 54'' S;15;2016;01;31;8.1;20.0
950001;C.M.A. Eduardo Frei Montalva, Antártica ;62&deg 11' 35'' S;45;2016;01;01;0.1;3.3
950001;C.M.A. Eduardo Frei Montalva, Antártica ;62&deg 11' 35'' S;45;2016;01;02;1.7;4.9
950001;C.M.A. Eduardo Frei Montalva, Antártica ;62&deg 11' 35'' S;45;2016;01;03;0.3;4.6
950001;C.M.A. Eduardo Frei Montalva, Antártica ;62&deg 11' 35'' S;45;2016;01;04;-0.3;1.3
950001;C.M.A. Eduardo Frei Montalva, Antártica ;62&deg 11' 35'' S;45;2016;01;05;-0.9;0.8
950001;C.M.A. Eduardo Frei Montalva, Antártica ;62&deg 11' 35'' S;45;2016;01;06;-0.5;1.1
950001;C.M.A. Eduardo Frei Montalva, Antártica ;62&deg 11' 35'' S;45;2016;01;07;-0.7;1.9
950001;C.M.A. Eduardo Frei Montalva, Antártica ;62&deg 11' 35'' S;45;2016;01;08;-2.8;2.7
950001;C.M.A. Eduardo Frei Montalva, Antártica ;62&deg 11' 35'' S;45;2016;01;09;-1.5;1.1
950001;C.M.A. Eduardo Frei Montalva, Antártica ;62&deg 11' 35'' S;45;2016;01;10;-1.3;0.3
950001;C.M.A. Eduardo Frei Montalva, Antártica ;62&deg 11' 35'' S;45;2016;01;11;-3.6;-1.0
950001;C.M.A. Eduardo Frei Montalva, Antártica ;62&deg 11' 35'' S;45;2016;01;12;-2.6;0.1
950001;C.M.A. Eduardo Frei Montalva, Antártica ;62&deg 11' 35'' S;45;2016;01;13;-3.7;0.1
950001;C.M.A. Eduardo Frei Montalva, Antártica ;62&deg 11' 35'' S;45;2016;01;14;-2.8;1.7
950001;C.M.A. Eduardo Frei Montalva, Antártica ;62&deg 11' 35'' S;45;2016;01;15;-0.2;2.7
950001;C.M.A. Eduardo Frei Montalva, Antártica ;62&deg 11' 35'' S;45;2016;01;16;-2.0;1.0
950001;C.M.A. Eduardo Frei Montalva, Antártica ;62&deg 11' 35'' S;45;2016;01;17;-1.9;0.5
950001;C.M.A. Eduardo Frei Montalva, Antártica ;62&deg 11' 35'' S;45;2016;01;18;-2.0;1.9
950001;C.M.A. Eduardo Frei Montalva, Antártica ;62&deg 11' 35'' S;45;2016;01;19;-0.7;0.8
950001;C.M.A. Eduardo Frei Montalva, Antártica ;62&deg 11' 35'' S;45;2016;01;20;-0.9;1.2
950001;C.M.A. Eduardo Frei Montalva, Antártica ;62&deg 11' 35'' S;45;2016;01;21;0.1;1.6
950001;C.M.A. Eduardo Frei Montalva, Antártica ;62&deg 11' 35'' S;45;2016;01;22;-0.7;1.4
950001;C.M.A. Eduardo Frei Montalva, Antártica ;62&deg 11' 35'' S;45;2016;01;23;-0.4;1.6
950001;C.M.A. Eduardo Frei Montalva, Antártica ;62&deg 11' 35'' S;45;2016;01;24;-1.5;1.0
950001;C.M.A. Eduardo Frei Montalva, Antártica ;62&deg 11' 35'' S;45;2016;01;25;-1.9;0.0
950001;C.M.A. Eduardo Frei Montalva, Antártica ;62&deg 11' 35'' S;45;2016;01;26;-1.2;0.3
950001;C.M.A. Eduardo Frei Montalva, Antártica ;62&deg 11' 35'' S;45;2016;01;27;-1.1;2.4
950001;C.M.A. Eduardo Frei Montalva, Antártica ;62&deg 11' 35'' S;45;2016;01;28;-0.4;3.0
950001;C.M.A. Eduardo Frei Montalva, Antártica ;62&deg 11' 35'' S;45;2016;01;29;1.3;3.6
950001;C.M.A. Eduardo Frei Montalva, Antártica ;62&deg 11' 35'' S;45;2016;01;30;1.0;4.2
950001;C.M.A. Eduardo Frei Montalva, Antártica ;62&deg 11' 35'' S;45;2016;01;31;1.1;2.9
