CodigoNacional;NombreEstacion;Latitud;Altura;Año;Mes;Dia;T.Maxima;T.Minima
180005;Chacalluta, Arica Ap.;18&deg 21' 5'' S;63;2016;1;1;206;244
180005;Chacalluta, Arica Ap.;18&deg 21' 5'' S;63;2016;1;2;213;251
180005;Chacalluta, Arica Ap.;18&deg 21' 5'' S;63;2016;1;3;190;248
180005;Chacalluta, Arica Ap.;18&deg 21' 5'' S;63;2016;1;4;181;250
180005;Chacalluta, Arica Ap.;18&deg 21' 5'' S;63;2016;1;5;215;256
180005;Chacalluta, Arica Ap.;18&deg 21' 5'' S;63;2016;1;6;193;254
180005;Chacalluta, Arica Ap.;18&deg 21' 5'' S;63;2016;1;7;196;259
180005;Chacalluta, Arica Ap.;18&deg 21' 5'' S;63;2016;1;8;219;262
180005;Chacalluta, Arica Ap.;18&deg 21' 5'' S;63;2016;1;9;215;254
180005;Chacalluta, Arica Ap.;18&deg 21' 5'' S;63;2016;1;10;215;259
180005;Chacalluta, Arica Ap.;18&deg 21' 5'' S;63;2016;1;11;214;253
180005;Chacalluta, Arica Ap.;18&deg 21' 5'' S;63;2016;1;12;210;252
180005;Chacalluta, Arica Ap.;18&deg 21' 5'' S;63;2016;1;13;200;251
180005;Chacalluta, Arica Ap.;18&deg 21' 5'' S;63;2016;1;14;210;250
180005;Chacalluta, Arica Ap.;18&deg 21' 5'' S;63;2016;1;15;211;254
180005;Chacalluta, Arica Ap.;18&deg 21' 5'' S;63;2016;1;16;211;253
180005;Chacalluta, Arica Ap.;18&deg 21' 5'' S;63;2016;1;17;216;264
180005;Chacalluta, Arica Ap.;18&deg 21' 5'' S;63;2016;1;18;184;259
180005;Chacalluta, Arica Ap.;18&deg 21' 5'' S;63;2016;1;19;211;255
180005;Chacalluta, Arica Ap.;18&deg 21' 5'' S;63;2016;1;20;201;256
180005;Chacalluta, Arica Ap.;18&deg 21' 5'' S;63;2016;1;21;213;262
180005;Chacalluta, Arica Ap.;18&deg 21' 5'' S;63;2016;1;22;211;261
180005;Chacalluta, Arica Ap.;18&deg 21' 5'' S;63;2016;1;23;220;263
180005;Chacalluta, Arica Ap.;18&deg 21' 5'' S;63;2016;1;24;221;266
180005;Chacalluta, Arica Ap.;18&deg 21' 5'' S;63;2016;1;25;220;270
180005;Chacalluta, Arica Ap.;18&deg 21' 5'' S;63;2016;1;26;222;280
180005;Chacalluta, Arica Ap.;18&deg 21' 5'' S;63;2016;1;27;209;262
180005;Chacalluta, Arica Ap.;18&deg 21' 5'' S;63;2016;1;28;197;274
180005;Chacalluta, Arica Ap.;18&deg 21' 5'' S;63;2016;1;29;225;272
180005;Chacalluta, Arica Ap.;18&deg 21' 5'' S;63;2016;1;30;209;263
180005;Chacalluta, Arica Ap.;18&deg 21' 5'' S;63;2016;1;31;208;273
200006;Diego Aracena Iquique Ap.;20&deg 32' 23'' S;52;2016;1;1;183;230
200006;Diego Aracena Iquique Ap.;20&deg 32' 23'' S;52;2016;1;2;195;237
200006;Diego Aracena Iquique Ap.;20&deg 32' 23'' S;52;2016;1;3;184;234
200006;Diego Aracena Iquique Ap.;20&deg 32' 23'' S;52;2016;1;4;187;238
200006;Diego Aracena Iquique Ap.;20&deg 32' 23'' S;52;2016;1;5;200;249
200006;Diego Aracena Iquique Ap.;20&deg 32' 23'' S;52;2016;1;6;188;242
200006;Diego Aracena Iquique Ap.;20&deg 32' 23'' S;52;2016;1;7;191;246
200006;Diego Aracena Iquique Ap.;20&deg 32' 23'' S;52;2016;1;8;202;247
200006;Diego Aracena Iquique Ap.;20&deg 32' 23'' S;52;2016;1;9;209;246
200006;Diego Aracena Iquique Ap.;20&deg 32' 23'' S;52;2016;1;10;202;242
200006;Diego Aracena Iquique Ap.;20&deg 32' 23'' S;52;2016;1;11;207;247
200006;Diego Aracena Iquique Ap.;20&deg 32' 23'' S;52;2016;1;12;189;242
200006;Diego Aracena Iquique Ap.;20&deg 32' 23'' S;52;2016;1;13;186;241
200006;Diego Aracena Iquique Ap.;20&deg 32' 23'' S;52;2016;1;14;186;243
200006;Diego Aracena Iquique Ap.;20&deg 32' 23'' S;52;2016;1;15;192;250
200006;Diego Aracena Iquique Ap.;20&deg 32' 23'' S;52;2016;1;16;190;252
200006;Diego Aracena Iquique Ap.;20&deg 32' 23'' S;52;2016;1;17;213;251
200006;Diego Aracena Iquique Ap.;20&deg 32' 23'' S;52;2016;1;18;203;253
200006;Diego Aracena Iquique Ap.;20&deg 32' 23'' S;52;2016;1;19;196;247
200006;Diego Aracena Iquique Ap.;20&deg 32' 23'' S;52;2016;1;20;205;249
200006;Diego Aracena Iquique Ap.;20&deg 32' 23'' S;52;2016;1;21;219;251
200006;Diego Aracena Iquique Ap.;20&deg 32' 23'' S;52;2016;1;22;197;252
200006;Diego Aracena Iquique Ap.;20&deg 32' 23'' S;52;2016;1;23;211;259
200006;Diego Aracena Iquique Ap.;20&deg 32' 23'' S;52;2016;1;24;192;249
200006;Diego Aracena Iquique Ap.;20&deg 32' 23'' S;52;2016;1;25;220;263
200006;Diego Aracena Iquique Ap.;20&deg 32' 23'' S;52;2016;1;26;212;272
200006;Diego Aracena Iquique Ap.;20&deg 32' 23'' S;52;2016;1;27;199;253
200006;Diego Aracena Iquique Ap.;20&deg 32' 23'' S;52;2016;1;28;198;255
200006;Diego Aracena Iquique Ap.;20&deg 32' 23'' S;52;2016;1;29;204;264
200006;Diego Aracena Iquique Ap.;20&deg 32' 23'' S;52;2016;1;30;217;272
200006;Diego Aracena Iquique Ap.;20&deg 32' 23'' S;52;2016;1;31;218;268
220002;El Loa, Calama Ad.;22&deg 29' 43'' S;2293;2016;1;1;62;290
220002;El Loa, Calama Ad.;22&deg 29' 43'' S;2293;2016;1;2;58;275
220002;El Loa, Calama Ad.;22&deg 29' 43'' S;2293;2016;1;3;61;265
220002;El Loa, Calama Ad.;22&deg 29' 43'' S;2293;2016;1;4;60;265
220002;El Loa, Calama Ad.;22&deg 29' 43'' S;2293;2016;1;5;52;261
220002;El Loa, Calama Ad.;22&deg 29' 43'' S;2293;2016;1;6;60;271
220002;El Loa, Calama Ad.;22&deg 29' 43'' S;2293;2016;1;7;75;255
220002;El Loa, Calama Ad.;22&deg 29' 43'' S;2293;2016;1;8;78;275
220002;El Loa, Calama Ad.;22&deg 29' 43'' S;2293;2016;1;9;72;292
220002;El Loa, Calama Ad.;22&deg 29' 43'' S;2293;2016;1;10;56;267
220002;El Loa, Calama Ad.;22&deg 29' 43'' S;2293;2016;1;11;66;255
220002;El Loa, Calama Ad.;22&deg 29' 43'' S;2293;2016;1;12;81;253
220002;El Loa, Calama Ad.;22&deg 29' 43'' S;2293;2016;1;13;92;256
220002;El Loa, Calama Ad.;22&deg 29' 43'' S;2293;2016;1;14;61;263
220002;El Loa, Calama Ad.;22&deg 29' 43'' S;2293;2016;1;15;53;280
220002;El Loa, Calama Ad.;22&deg 29' 43'' S;2293;2016;1;16;53;280
220002;El Loa, Calama Ad.;22&deg 29' 43'' S;2293;2016;1;17;85;265
220002;El Loa, Calama Ad.;22&deg 29' 43'' S;2293;2016;1;18;65;251
220002;El Loa, Calama Ad.;22&deg 29' 43'' S;2293;2016;1;19;72;262
220002;El Loa, Calama Ad.;22&deg 29' 43'' S;2293;2016;1;20;75;267
220002;El Loa, Calama Ad.;22&deg 29' 43'' S;2293;2016;1;21;75;275
220002;El Loa, Calama Ad.;22&deg 29' 43'' S;2293;2016;1;22;71;265
220002;El Loa, Calama Ad.;22&deg 29' 43'' S;2293;2016;1;23;66;257
220002;El Loa, Calama Ad.;22&deg 29' 43'' S;2293;2016;1;24;75;275
220002;El Loa, Calama Ad.;22&deg 29' 43'' S;2293;2016;1;25;66;266
220002;El Loa, Calama Ad.;22&deg 29' 43'' S;2293;2016;1;26;62;242
220002;El Loa, Calama Ad.;22&deg 29' 43'' S;2293;2016;1;27;63;255
220002;El Loa, Calama Ad.;22&deg 29' 43'' S;2293;2016;1;28;72;271
220002;El Loa, Calama Ad.;22&deg 29' 43'' S;2293;2016;1;29;63;262
220002;El Loa, Calama Ad.;22&deg 29' 43'' S;2293;2016;1;30;65;256
220002;El Loa, Calama Ad.;22&deg 29' 43'' S;2293;2016;1;31;63;252
230001;Cerro Moreno  Antofagasta  Ap.;23&deg 27' 1'' S;113;2016;1;1;169;218
230001;Cerro Moreno  Antofagasta  Ap.;23&deg 27' 1'' S;113;2016;1;2;178;219
230001;Cerro Moreno  Antofagasta  Ap.;23&deg 27' 1'' S;113;2016;1;3;166;218
230001;Cerro Moreno  Antofagasta  Ap.;23&deg 27' 1'' S;113;2016;1;4;165;223
230001;Cerro Moreno  Antofagasta  Ap.;23&deg 27' 1'' S;113;2016;1;5;169;237
230001;Cerro Moreno  Antofagasta  Ap.;23&deg 27' 1'' S;113;2016;1;6;176;233
230001;Cerro Moreno  Antofagasta  Ap.;23&deg 27' 1'' S;113;2016;1;7;180;226
230001;Cerro Moreno  Antofagasta  Ap.;23&deg 27' 1'' S;113;2016;1;8;178;225
230001;Cerro Moreno  Antofagasta  Ap.;23&deg 27' 1'' S;113;2016;1;9;182;224
230001;Cerro Moreno  Antofagasta  Ap.;23&deg 27' 1'' S;113;2016;1;10;185;224
230001;Cerro Moreno  Antofagasta  Ap.;23&deg 27' 1'' S;113;2016;1;11;172;226
230001;Cerro Moreno  Antofagasta  Ap.;23&deg 27' 1'' S;113;2016;1;12;170;226
230001;Cerro Moreno  Antofagasta  Ap.;23&deg 27' 1'' S;113;2016;1;13;166;228
230001;Cerro Moreno  Antofagasta  Ap.;23&deg 27' 1'' S;113;2016;1;14;183;230
230001;Cerro Moreno  Antofagasta  Ap.;23&deg 27' 1'' S;113;2016;1;15;173;228
230001;Cerro Moreno  Antofagasta  Ap.;23&deg 27' 1'' S;113;2016;1;16;185;230
230001;Cerro Moreno  Antofagasta  Ap.;23&deg 27' 1'' S;113;2016;1;17;193;243
230001;Cerro Moreno  Antofagasta  Ap.;23&deg 27' 1'' S;113;2016;1;18;191;236
230001;Cerro Moreno  Antofagasta  Ap.;23&deg 27' 1'' S;113;2016;1;19;173;233
230001;Cerro Moreno  Antofagasta  Ap.;23&deg 27' 1'' S;113;2016;1;20;173;237
230001;Cerro Moreno  Antofagasta  Ap.;23&deg 27' 1'' S;113;2016;1;21;175;242
230001;Cerro Moreno  Antofagasta  Ap.;23&deg 27' 1'' S;113;2016;1;22;181;238
230001;Cerro Moreno  Antofagasta  Ap.;23&deg 27' 1'' S;113;2016;1;23;180;254
230001;Cerro Moreno  Antofagasta  Ap.;23&deg 27' 1'' S;113;2016;1;24;178;240
230001;Cerro Moreno  Antofagasta  Ap.;23&deg 27' 1'' S;113;2016;1;25;193;259
230001;Cerro Moreno  Antofagasta  Ap.;23&deg 27' 1'' S;113;2016;1;26;181;240
230001;Cerro Moreno  Antofagasta  Ap.;23&deg 27' 1'' S;113;2016;1;27;186;242
230001;Cerro Moreno  Antofagasta  Ap.;23&deg 27' 1'' S;113;2016;1;28;175;242
230001;Cerro Moreno  Antofagasta  Ap.;23&deg 27' 1'' S;113;2016;1;29;196;268
230001;Cerro Moreno  Antofagasta  Ap.;23&deg 27' 1'' S;113;2016;1;30;183;251
230001;Cerro Moreno  Antofagasta  Ap.;23&deg 27' 1'' S;113;2016;1;31;184;264
270001;Mataveri  Isla de Pascua Ap.;27&deg 9' 38'' S;48;2016;1;1;222;272
270001;Mataveri  Isla de Pascua Ap.;27&deg 9' 38'' S;48;2016;1;2;232;271
270001;Mataveri  Isla de Pascua Ap.;27&deg 9' 38'' S;48;2016;1;3;230;268
270001;Mataveri  Isla de Pascua Ap.;27&deg 9' 38'' S;48;2016;1;4;222;252
270001;Mataveri  Isla de Pascua Ap.;27&deg 9' 38'' S;48;2016;1;5;211;259
270001;Mataveri  Isla de Pascua Ap.;27&deg 9' 38'' S;48;2016;1;6;194;272
270001;Mataveri  Isla de Pascua Ap.;27&deg 9' 38'' S;48;2016;1;7;201;264
270001;Mataveri  Isla de Pascua Ap.;27&deg 9' 38'' S;48;2016;1;8;182;275
270001;Mataveri  Isla de Pascua Ap.;27&deg 9' 38'' S;48;2016;1;9;189;279
270001;Mataveri  Isla de Pascua Ap.;27&deg 9' 38'' S;48;2016;1;10;220;266
270001;Mataveri  Isla de Pascua Ap.;27&deg 9' 38'' S;48;2016;1;11;221;269
270001;Mataveri  Isla de Pascua Ap.;27&deg 9' 38'' S;48;2016;1;12;205;252
270001;Mataveri  Isla de Pascua Ap.;27&deg 9' 38'' S;48;2016;1;13;202;261
270001;Mataveri  Isla de Pascua Ap.;27&deg 9' 38'' S;48;2016;1;14;204;265
270001;Mataveri  Isla de Pascua Ap.;27&deg 9' 38'' S;48;2016;1;15;190;271
270001;Mataveri  Isla de Pascua Ap.;27&deg 9' 38'' S;48;2016;1;16;203;269
270001;Mataveri  Isla de Pascua Ap.;27&deg 9' 38'' S;48;2016;1;17;204;265
270001;Mataveri  Isla de Pascua Ap.;27&deg 9' 38'' S;48;2016;1;18;205;263
270001;Mataveri  Isla de Pascua Ap.;27&deg 9' 38'' S;48;2016;1;19;199;261
270001;Mataveri  Isla de Pascua Ap.;27&deg 9' 38'' S;48;2016;1;20;209;264
270001;Mataveri  Isla de Pascua Ap.;27&deg 9' 38'' S;48;2016;1;21;204;272
270001;Mataveri  Isla de Pascua Ap.;27&deg 9' 38'' S;48;2016;1;22;179;261
270001;Mataveri  Isla de Pascua Ap.;27&deg 9' 38'' S;48;2016;1;23;176;270
270001;Mataveri  Isla de Pascua Ap.;27&deg 9' 38'' S;48;2016;1;24;175;276
270001;Mataveri  Isla de Pascua Ap.;27&deg 9' 38'' S;48;2016;1;25;181;277
270001;Mataveri  Isla de Pascua Ap.;27&deg 9' 38'' S;48;2016;1;26;180;278
270001;Mataveri  Isla de Pascua Ap.;27&deg 9' 38'' S;48;2016;1;27;173;263
270001;Mataveri  Isla de Pascua Ap.;27&deg 9' 38'' S;48;2016;1;28;183;273
270001;Mataveri  Isla de Pascua Ap.;27&deg 9' 38'' S;48;2016;1;29;183;277
270001;Mataveri  Isla de Pascua Ap.;27&deg 9' 38'' S;48;2016;1;30;199;285
270001;Mataveri  Isla de Pascua Ap.;27&deg 9' 38'' S;48;2016;1;31;212;283
270008;Desierto de Atacama, Caldera  Ad.;27&deg 15' 50'' S;204;2016;1;1;152;236
270008;Desierto de Atacama, Caldera  Ad.;27&deg 15' 50'' S;204;2016;1;2;155;198
270008;Desierto de Atacama, Caldera  Ad.;27&deg 15' 50'' S;204;2016;1;3;144;233
270008;Desierto de Atacama, Caldera  Ad.;27&deg 15' 50'' S;204;2016;1;4;126;246
270008;Desierto de Atacama, Caldera  Ad.;27&deg 15' 50'' S;204;2016;1;5;154;242
270008;Desierto de Atacama, Caldera  Ad.;27&deg 15' 50'' S;204;2016;1;6;148;257
270008;Desierto de Atacama, Caldera  Ad.;27&deg 15' 50'' S;204;2016;1;7;149;254
270008;Desierto de Atacama, Caldera  Ad.;27&deg 15' 50'' S;204;2016;1;8;143;240
270008;Desierto de Atacama, Caldera  Ad.;27&deg 15' 50'' S;204;2016;1;9;161;229
270008;Desierto de Atacama, Caldera  Ad.;27&deg 15' 50'' S;204;2016;1;10;171;233
270008;Desierto de Atacama, Caldera  Ad.;27&deg 15' 50'' S;204;2016;1;11;167;232
270008;Desierto de Atacama, Caldera  Ad.;27&deg 15' 50'' S;204;2016;1;12;170;250
270008;Desierto de Atacama, Caldera  Ad.;27&deg 15' 50'' S;204;2016;1;13;157;246
270008;Desierto de Atacama, Caldera  Ad.;27&deg 15' 50'' S;204;2016;1;14;171;244
270008;Desierto de Atacama, Caldera  Ad.;27&deg 15' 50'' S;204;2016;1;15;169;229
270008;Desierto de Atacama, Caldera  Ad.;27&deg 15' 50'' S;204;2016;1;16;173;245
270008;Desierto de Atacama, Caldera  Ad.;27&deg 15' 50'' S;204;2016;1;17;171;234
270008;Desierto de Atacama, Caldera  Ad.;27&deg 15' 50'' S;204;2016;1;18;165;225
270008;Desierto de Atacama, Caldera  Ad.;27&deg 15' 50'' S;204;2016;1;19;149;254
270008;Desierto de Atacama, Caldera  Ad.;27&deg 15' 50'' S;204;2016;1;20;182;250
270008;Desierto de Atacama, Caldera  Ad.;27&deg 15' 50'' S;204;2016;1;21;161;244
270008;Desierto de Atacama, Caldera  Ad.;27&deg 15' 50'' S;204;2016;1;22;156;251
270008;Desierto de Atacama, Caldera  Ad.;27&deg 15' 50'' S;204;2016;1;23;170;256
270008;Desierto de Atacama, Caldera  Ad.;27&deg 15' 50'' S;204;2016;1;24;179;255
270008;Desierto de Atacama, Caldera  Ad.;27&deg 15' 50'' S;204;2016;1;25;174;256
270008;Desierto de Atacama, Caldera  Ad.;27&deg 15' 50'' S;204;2016;1;26;165;268
270008;Desierto de Atacama, Caldera  Ad.;27&deg 15' 50'' S;204;2016;1;27;162;273
270008;Desierto de Atacama, Caldera  Ad.;27&deg 15' 50'' S;204;2016;1;28;179;253
270008;Desierto de Atacama, Caldera  Ad.;27&deg 15' 50'' S;204;2016;1;29;179;250
270008;Desierto de Atacama, Caldera  Ad.;27&deg 15' 50'' S;204;2016;1;30;182;244
270008;Desierto de Atacama, Caldera  Ad.;27&deg 15' 50'' S;204;2016;1;31;192;263
290004;La Florida, La Serena Ad.;29&deg 55' 3'' S;142;2016;1;1;139;204
290004;La Florida, La Serena Ad.;29&deg 55' 3'' S;142;2016;1;2;125;215
290004;La Florida, La Serena Ad.;29&deg 55' 3'' S;142;2016;1;3;162;211
290004;La Florida, La Serena Ad.;29&deg 55' 3'' S;142;2016;1;4;146;230
290004;La Florida, La Serena Ad.;29&deg 55' 3'' S;142;2016;1;5;160;223
290004;La Florida, La Serena Ad.;29&deg 55' 3'' S;142;2016;1;6;162;238
290004;La Florida, La Serena Ad.;29&deg 55' 3'' S;142;2016;1;7;151;247
290004;La Florida, La Serena Ad.;29&deg 55' 3'' S;142;2016;1;8;150;233
290004;La Florida, La Serena Ad.;29&deg 55' 3'' S;142;2016;1;9;143;239
290004;La Florida, La Serena Ad.;29&deg 55' 3'' S;142;2016;1;10;150;234
290004;La Florida, La Serena Ad.;29&deg 55' 3'' S;142;2016;1;11;147;224
290004;La Florida, La Serena Ad.;29&deg 55' 3'' S;142;2016;1;12;140;245
290004;La Florida, La Serena Ad.;29&deg 55' 3'' S;142;2016;1;13;145;236
290004;La Florida, La Serena Ad.;29&deg 55' 3'' S;142;2016;1;14;149;232
290004;La Florida, La Serena Ad.;29&deg 55' 3'' S;142;2016;1;15;149;234
290004;La Florida, La Serena Ad.;29&deg 55' 3'' S;142;2016;1;16;143;242
290004;La Florida, La Serena Ad.;29&deg 55' 3'' S;142;2016;1;17;150;219
290004;La Florida, La Serena Ad.;29&deg 55' 3'' S;142;2016;1;18;163;213
290004;La Florida, La Serena Ad.;29&deg 55' 3'' S;142;2016;1;19;166;240
290004;La Florida, La Serena Ad.;29&deg 55' 3'' S;142;2016;1;20;175;239
290004;La Florida, La Serena Ad.;29&deg 55' 3'' S;142;2016;1;21;156;246
290004;La Florida, La Serena Ad.;29&deg 55' 3'' S;142;2016;1;22;163;249
290004;La Florida, La Serena Ad.;29&deg 55' 3'' S;142;2016;1;23;173;223
290004;La Florida, La Serena Ad.;29&deg 55' 3'' S;142;2016;1;24;168;258
290004;La Florida, La Serena Ad.;29&deg 55' 3'' S;142;2016;1;25;149;241
290004;La Florida, La Serena Ad.;29&deg 55' 3'' S;142;2016;1;26;158;249
290004;La Florida, La Serena Ad.;29&deg 55' 3'' S;142;2016;1;27;169;249
290004;La Florida, La Serena Ad.;29&deg 55' 3'' S;142;2016;1;28;159;251
290004;La Florida, La Serena Ad.;29&deg 55' 3'' S;142;2016;1;29;174;242
290004;La Florida, La Serena Ad.;29&deg 55' 3'' S;142;2016;1;30;158;
290004;La Florida, La Serena Ad.;29&deg 55' 3'' S;142;2016;1;31;184;232
330007;Rodelillo, Ad.;33&deg 2' 12'' S;330;2016;1;1;124;214
330007;Rodelillo, Ad.;33&deg 2' 12'' S;330;2016;1;2;132;214
330007;Rodelillo, Ad.;33&deg 2' 12'' S;330;2016;1;3;135;216
330007;Rodelillo, Ad.;33&deg 2' 12'' S;330;2016;1;4;144;211
330007;Rodelillo, Ad.;33&deg 2' 12'' S;330;2016;1;5;142;241
330007;Rodelillo, Ad.;33&deg 2' 12'' S;330;2016;1;6;152;210
330007;Rodelillo, Ad.;33&deg 2' 12'' S;330;2016;1;7;150;208
330007;Rodelillo, Ad.;33&deg 2' 12'' S;330;2016;1;8;152;220
330007;Rodelillo, Ad.;33&deg 2' 12'' S;330;2016;1;9;131;253
330007;Rodelillo, Ad.;33&deg 2' 12'' S;330;2016;1;10;136;239
330007;Rodelillo, Ad.;33&deg 2' 12'' S;330;2016;1;11;140;199
330007;Rodelillo, Ad.;33&deg 2' 12'' S;330;2016;1;12;116;223
330007;Rodelillo, Ad.;33&deg 2' 12'' S;330;2016;1;13;124;242
330007;Rodelillo, Ad.;33&deg 2' 12'' S;330;2016;1;14;124;236
330007;Rodelillo, Ad.;33&deg 2' 12'' S;330;2016;1;15;128;285
330007;Rodelillo, Ad.;33&deg 2' 12'' S;330;2016;1;16;140;288
330007;Rodelillo, Ad.;33&deg 2' 12'' S;330;2016;1;17;127;293
330007;Rodelillo, Ad.;33&deg 2' 12'' S;330;2016;1;18;139;205
330007;Rodelillo, Ad.;33&deg 2' 12'' S;330;2016;1;19;147;242
330007;Rodelillo, Ad.;33&deg 2' 12'' S;330;2016;1;20;144;223
330007;Rodelillo, Ad.;33&deg 2' 12'' S;330;2016;1;21;147;228
330007;Rodelillo, Ad.;33&deg 2' 12'' S;330;2016;1;22;138;241
330007;Rodelillo, Ad.;33&deg 2' 12'' S;330;2016;1;23;144;213
330007;Rodelillo, Ad.;33&deg 2' 12'' S;330;2016;1;24;144;244
330007;Rodelillo, Ad.;33&deg 2' 12'' S;330;2016;1;25;132;231
330007;Rodelillo, Ad.;33&deg 2' 12'' S;330;2016;1;26;129;257
330007;Rodelillo, Ad.;33&deg 2' 12'' S;330;2016;1;27;138;270
330007;Rodelillo, Ad.;33&deg 2' 12'' S;330;2016;1;28;148;272
330007;Rodelillo, Ad.;33&deg 2' 12'' S;330;2016;1;29;140;227
330007;Rodelillo, Ad.;33&deg 2' 12'' S;330;2016;1;30;131;294
330007;Rodelillo, Ad.;33&deg 2' 12'' S;330;2016;1;31;158;205
330019;Eulógio Sánchez, Tobalaba Ad.;33&deg 27' 16'' S;650;2016;1;1;148;298
330019;Eulógio Sánchez, Tobalaba Ad.;33&deg 27' 16'' S;650;2016;1;2;135;281
330019;Eulógio Sánchez, Tobalaba Ad.;33&deg 27' 16'' S;650;2016;1;3;134;262
330019;Eulógio Sánchez, Tobalaba Ad.;33&deg 27' 16'' S;650;2016;1;4;164;272
330019;Eulógio Sánchez, Tobalaba Ad.;33&deg 27' 16'' S;650;2016;1;5;176;292
330019;Eulógio Sánchez, Tobalaba Ad.;33&deg 27' 16'' S;650;2016;1;6;178;286
330019;Eulógio Sánchez, Tobalaba Ad.;33&deg 27' 16'' S;650;2016;1;7;166;260
330019;Eulógio Sánchez, Tobalaba Ad.;33&deg 27' 16'' S;650;2016;1;8;160;236
330019;Eulógio Sánchez, Tobalaba Ad.;33&deg 27' 16'' S;650;2016;1;9;138;304
330019;Eulógio Sánchez, Tobalaba Ad.;33&deg 27' 16'' S;650;2016;1;10;133;312
330019;Eulógio Sánchez, Tobalaba Ad.;33&deg 27' 16'' S;650;2016;1;11;138;260
330019;Eulógio Sánchez, Tobalaba Ad.;33&deg 27' 16'' S;650;2016;1;12;121;244
330019;Eulógio Sánchez, Tobalaba Ad.;33&deg 27' 16'' S;650;2016;1;13;118;310
330019;Eulógio Sánchez, Tobalaba Ad.;33&deg 27' 16'' S;650;2016;1;14;141;283
330019;Eulógio Sánchez, Tobalaba Ad.;33&deg 27' 16'' S;650;2016;1;15;130;320
330019;Eulógio Sánchez, Tobalaba Ad.;33&deg 27' 16'' S;650;2016;1;16;132;324
330019;Eulógio Sánchez, Tobalaba Ad.;33&deg 27' 16'' S;650;2016;1;17;160;342
330019;Eulógio Sánchez, Tobalaba Ad.;33&deg 27' 16'' S;650;2016;1;18;163;317
330019;Eulógio Sánchez, Tobalaba Ad.;33&deg 27' 16'' S;650;2016;1;19;150;310
330019;Eulógio Sánchez, Tobalaba Ad.;33&deg 27' 16'' S;650;2016;1;20;176;324
330019;Eulógio Sánchez, Tobalaba Ad.;33&deg 27' 16'' S;650;2016;1;21;160;280
330019;Eulógio Sánchez, Tobalaba Ad.;33&deg 27' 16'' S;650;2016;1;22;155;300
330019;Eulógio Sánchez, Tobalaba Ad.;33&deg 27' 16'' S;650;2016;1;23;144;258
330019;Eulógio Sánchez, Tobalaba Ad.;33&deg 27' 16'' S;650;2016;1;24;128;244
330019;Eulógio Sánchez, Tobalaba Ad.;33&deg 27' 16'' S;650;2016;1;25;130;210
330019;Eulógio Sánchez, Tobalaba Ad.;33&deg 27' 16'' S;650;2016;1;26;127;276
330019;Eulógio Sánchez, Tobalaba Ad.;33&deg 27' 16'' S;650;2016;1;27;150;254
330019;Eulógio Sánchez, Tobalaba Ad.;33&deg 27' 16'' S;650;2016;1;28;164;294
330019;Eulógio Sánchez, Tobalaba Ad.;33&deg 27' 16'' S;650;2016;1;29;138;252
330019;Eulógio Sánchez, Tobalaba Ad.;33&deg 27' 16'' S;650;2016;1;30;139;331
330019;Eulógio Sánchez, Tobalaba Ad.;33&deg 27' 16'' S;650;2016;1;31;160;300
330020;Quinta Normal, Santiago;33&deg 26' 42'' S;527;2016;1;1;140;301
330020;Quinta Normal, Santiago;33&deg 26' 42'' S;527;2016;1;2;127;298
330020;Quinta Normal, Santiago;33&deg 26' 42'' S;527;2016;1;3;126;262
330020;Quinta Normal, Santiago;33&deg 26' 42'' S;527;2016;1;4;159;288
330020;Quinta Normal, Santiago;33&deg 26' 42'' S;527;2016;1;5;177;305
330020;Quinta Normal, Santiago;33&deg 26' 42'' S;527;2016;1;6;176;296
330020;Quinta Normal, Santiago;33&deg 26' 42'' S;527;2016;1;7;165;267
330020;Quinta Normal, Santiago;33&deg 26' 42'' S;527;2016;1;8;164;254
330020;Quinta Normal, Santiago;33&deg 26' 42'' S;527;2016;1;9;140;311
330020;Quinta Normal, Santiago;33&deg 26' 42'' S;527;2016;1;10;129;313
330020;Quinta Normal, Santiago;33&deg 26' 42'' S;527;2016;1;11;134;260
330020;Quinta Normal, Santiago;33&deg 26' 42'' S;527;2016;1;12;126;257
330020;Quinta Normal, Santiago;33&deg 26' 42'' S;527;2016;1;13;114;321
330020;Quinta Normal, Santiago;33&deg 26' 42'' S;527;2016;1;14;138;275
330020;Quinta Normal, Santiago;33&deg 26' 42'' S;527;2016;1;15;120;328
330020;Quinta Normal, Santiago;33&deg 26' 42'' S;527;2016;1;16;139;338
330020;Quinta Normal, Santiago;33&deg 26' 42'' S;527;2016;1;17;156;356
330020;Quinta Normal, Santiago;33&deg 26' 42'' S;527;2016;1;18;153;323
330020;Quinta Normal, Santiago;33&deg 26' 42'' S;527;2016;1;19;145;315
330020;Quinta Normal, Santiago;33&deg 26' 42'' S;527;2016;1;20;160;327
330020;Quinta Normal, Santiago;33&deg 26' 42'' S;527;2016;1;21;158;279
330020;Quinta Normal, Santiago;33&deg 26' 42'' S;527;2016;1;22;150;312
330020;Quinta Normal, Santiago;33&deg 26' 42'' S;527;2016;1;23;158;262
330020;Quinta Normal, Santiago;33&deg 26' 42'' S;527;2016;1;24;134;257
330020;Quinta Normal, Santiago;33&deg 26' 42'' S;527;2016;1;25;138;230
330020;Quinta Normal, Santiago;33&deg 26' 42'' S;527;2016;1;26;125;285
330020;Quinta Normal, Santiago;33&deg 26' 42'' S;527;2016;1;27;149;270
330020;Quinta Normal, Santiago;33&deg 26' 42'' S;527;2016;1;28;170;304
330020;Quinta Normal, Santiago;33&deg 26' 42'' S;527;2016;1;29;134;270
330020;Quinta Normal, Santiago;33&deg 26' 42'' S;527;2016;1;30;135;338
330020;Quinta Normal, Santiago;33&deg 26' 42'' S;527;2016;1;31;151;312
330021;Pudahuel Santiago ;33&deg 23' 31'' S;482;2016;1;1;141;300
330021;Pudahuel Santiago ;33&deg 23' 31'' S;482;2016;1;2;126;291
330021;Pudahuel Santiago ;33&deg 23' 31'' S;482;2016;1;3;142;260
330021;Pudahuel Santiago ;33&deg 23' 31'' S;482;2016;1;4;164;289
330021;Pudahuel Santiago ;33&deg 23' 31'' S;482;2016;1;5;174;296
330021;Pudahuel Santiago ;33&deg 23' 31'' S;482;2016;1;6;169;296
330021;Pudahuel Santiago ;33&deg 23' 31'' S;482;2016;1;7;164;264
330021;Pudahuel Santiago ;33&deg 23' 31'' S;482;2016;1;8;164;248
330021;Pudahuel Santiago ;33&deg 23' 31'' S;482;2016;1;9;135;311
330021;Pudahuel Santiago ;33&deg 23' 31'' S;482;2016;1;10;136;313
330021;Pudahuel Santiago ;33&deg 23' 31'' S;482;2016;1;11;133;263
330021;Pudahuel Santiago ;33&deg 23' 31'' S;482;2016;1;12;129;253
330021;Pudahuel Santiago ;33&deg 23' 31'' S;482;2016;1;13;116;320
330021;Pudahuel Santiago ;33&deg 23' 31'' S;482;2016;1;14;137;277
330021;Pudahuel Santiago ;33&deg 23' 31'' S;482;2016;1;15;124;331
330021;Pudahuel Santiago ;33&deg 23' 31'' S;482;2016;1;16;145;331
330021;Pudahuel Santiago ;33&deg 23' 31'' S;482;2016;1;17;157;350
330021;Pudahuel Santiago ;33&deg 23' 31'' S;482;2016;1;18;152;327
330021;Pudahuel Santiago ;33&deg 23' 31'' S;482;2016;1;19;140;319
330021;Pudahuel Santiago ;33&deg 23' 31'' S;482;2016;1;20;178;329
330021;Pudahuel Santiago ;33&deg 23' 31'' S;482;2016;1;21;153;289
330021;Pudahuel Santiago ;33&deg 23' 31'' S;482;2016;1;22;159;315
330021;Pudahuel Santiago ;33&deg 23' 31'' S;482;2016;1;23;158;271
330021;Pudahuel Santiago ;33&deg 23' 31'' S;482;2016;1;24;144;248
330021;Pudahuel Santiago ;33&deg 23' 31'' S;482;2016;1;25;140;230
330021;Pudahuel Santiago ;33&deg 23' 31'' S;482;2016;1;26;136;276
330021;Pudahuel Santiago ;33&deg 23' 31'' S;482;2016;1;27;146;270
330021;Pudahuel Santiago ;33&deg 23' 31'' S;482;2016;1;28;174;304
330021;Pudahuel Santiago ;33&deg 23' 31'' S;482;2016;1;29;136;269
330021;Pudahuel Santiago ;33&deg 23' 31'' S;482;2016;1;30;139;342
330021;Pudahuel Santiago ;33&deg 23' 31'' S;482;2016;1;31;150;314
330030;Santo Domingo, Ad.;33&deg 39' 18'' S;75;2016;1;1;150;203
330030;Santo Domingo, Ad.;33&deg 39' 18'' S;75;2016;1;2;155;214
330030;Santo Domingo, Ad.;33&deg 39' 18'' S;75;2016;1;3;158;213
330030;Santo Domingo, Ad.;33&deg 39' 18'' S;75;2016;1;4;155;201
330030;Santo Domingo, Ad.;33&deg 39' 18'' S;75;2016;1;5;130;220
330030;Santo Domingo, Ad.;33&deg 39' 18'' S;75;2016;1;6;166;222
330030;Santo Domingo, Ad.;33&deg 39' 18'' S;75;2016;1;7;161;228
330030;Santo Domingo, Ad.;33&deg 39' 18'' S;75;2016;1;8;153;225
330030;Santo Domingo, Ad.;33&deg 39' 18'' S;75;2016;1;9;121;222
330030;Santo Domingo, Ad.;33&deg 39' 18'' S;75;2016;1;10;112;212
330030;Santo Domingo, Ad.;33&deg 39' 18'' S;75;2016;1;11;127;205
330030;Santo Domingo, Ad.;33&deg 39' 18'' S;75;2016;1;12;106;236
330030;Santo Domingo, Ad.;33&deg 39' 18'' S;75;2016;1;13;104;225
330030;Santo Domingo, Ad.;33&deg 39' 18'' S;75;2016;1;14;176;226
330030;Santo Domingo, Ad.;33&deg 39' 18'' S;75;2016;1;15;101;231
330030;Santo Domingo, Ad.;33&deg 39' 18'' S;75;2016;1;16;112;237
330030;Santo Domingo, Ad.;33&deg 39' 18'' S;75;2016;1;17;110;220
330030;Santo Domingo, Ad.;33&deg 39' 18'' S;75;2016;1;18;119;225
330030;Santo Domingo, Ad.;33&deg 39' 18'' S;75;2016;1;19;171;224
330030;Santo Domingo, Ad.;33&deg 39' 18'' S;75;2016;1;20;150;219
330030;Santo Domingo, Ad.;33&deg 39' 18'' S;75;2016;1;21;159;240
330030;Santo Domingo, Ad.;33&deg 39' 18'' S;75;2016;1;22;115;236
330030;Santo Domingo, Ad.;33&deg 39' 18'' S;75;2016;1;23;145;229
330030;Santo Domingo, Ad.;33&deg 39' 18'' S;75;2016;1;24;165;236
330030;Santo Domingo, Ad.;33&deg 39' 18'' S;75;2016;1;25;127;229
330030;Santo Domingo, Ad.;33&deg 39' 18'' S;75;2016;1;26;111;232
330030;Santo Domingo, Ad.;33&deg 39' 18'' S;75;2016;1;27;131;232
330030;Santo Domingo, Ad.;33&deg 39' 18'' S;75;2016;1;28;132;239
330030;Santo Domingo, Ad.;33&deg 39' 18'' S;75;2016;1;29;117;220
330030;Santo Domingo, Ad.;33&deg 39' 18'' S;75;2016;1;30;127;243
330030;Santo Domingo, Ad.;33&deg 39' 18'' S;75;2016;1;31;181;231
330031;Juan Fernández, Estación Meteorológica.;33&deg 38' 9'' S;40;2016;1;1;144;230
330031;Juan Fernández, Estación Meteorológica.;33&deg 38' 9'' S;40;2016;1;2;140;228
330031;Juan Fernández, Estación Meteorológica.;33&deg 38' 9'' S;40;2016;1;3;180;218
330031;Juan Fernández, Estación Meteorológica.;33&deg 38' 9'' S;40;2016;1;4;146;200
330031;Juan Fernández, Estación Meteorológica.;33&deg 38' 9'' S;40;2016;1;5;164;202
330031;Juan Fernández, Estación Meteorológica.;33&deg 38' 9'' S;40;2016;1;6;156;202
330031;Juan Fernández, Estación Meteorológica.;33&deg 38' 9'' S;40;2016;1;7;158;192
330031;Juan Fernández, Estación Meteorológica.;33&deg 38' 9'' S;40;2016;1;8;162;204
330031;Juan Fernández, Estación Meteorológica.;33&deg 38' 9'' S;40;2016;1;9;154;208
330031;Juan Fernández, Estación Meteorológica.;33&deg 38' 9'' S;40;2016;1;10;148;204
330031;Juan Fernández, Estación Meteorológica.;33&deg 38' 9'' S;40;2016;1;11;148;206
330031;Juan Fernández, Estación Meteorológica.;33&deg 38' 9'' S;40;2016;1;12;150;202
330031;Juan Fernández, Estación Meteorológica.;33&deg 38' 9'' S;40;2016;1;13;152;204
330031;Juan Fernández, Estación Meteorológica.;33&deg 38' 9'' S;40;2016;1;14;146;216
330031;Juan Fernández, Estación Meteorológica.;33&deg 38' 9'' S;40;2016;1;15;146;238
330031;Juan Fernández, Estación Meteorológica.;33&deg 38' 9'' S;40;2016;1;16;162;232
330031;Juan Fernández, Estación Meteorológica.;33&deg 38' 9'' S;40;2016;1;17;174;226
330031;Juan Fernández, Estación Meteorológica.;33&deg 38' 9'' S;40;2016;1;18;148;222
330031;Juan Fernández, Estación Meteorológica.;33&deg 38' 9'' S;40;2016;1;19;136;234
330031;Juan Fernández, Estación Meteorológica.;33&deg 38' 9'' S;40;2016;1;20;130;242
330031;Juan Fernández, Estación Meteorológica.;33&deg 38' 9'' S;40;2016;1;21;174;240
330031;Juan Fernández, Estación Meteorológica.;33&deg 38' 9'' S;40;2016;1;22;172;238
330031;Juan Fernández, Estación Meteorológica.;33&deg 38' 9'' S;40;2016;1;23;;238
330031;Juan Fernández, Estación Meteorológica.;33&deg 38' 9'' S;40;2016;1;24;181;224
330031;Juan Fernández, Estación Meteorológica.;33&deg 38' 9'' S;40;2016;1;25;166;232
330031;Juan Fernández, Estación Meteorológica.;33&deg 38' 9'' S;40;2016;1;26;148;235
330031;Juan Fernández, Estación Meteorológica.;33&deg 38' 9'' S;40;2016;1;27;175;223
330031;Juan Fernández, Estación Meteorológica.;33&deg 38' 9'' S;40;2016;1;28;168;238
330031;Juan Fernández, Estación Meteorológica.;33&deg 38' 9'' S;40;2016;1;29;156;236
330031;Juan Fernández, Estación Meteorológica.;33&deg 38' 9'' S;40;2016;1;30;184;229
330031;Juan Fernández, Estación Meteorológica.;33&deg 38' 9'' S;40;2016;1;31;189;227
340031;General Freire, Curicó Ad.;34&deg 57' 59'' S;230;2016;1;1;135;312
340031;General Freire, Curicó Ad.;34&deg 57' 59'' S;230;2016;1;2;133;285
340031;General Freire, Curicó Ad.;34&deg 57' 59'' S;230;2016;1;3;149;264
340031;General Freire, Curicó Ad.;34&deg 57' 59'' S;230;2016;1;4;168;314
340031;General Freire, Curicó Ad.;34&deg 57' 59'' S;230;2016;1;5;151;280
340031;General Freire, Curicó Ad.;34&deg 57' 59'' S;230;2016;1;6;163;304
340031;General Freire, Curicó Ad.;34&deg 57' 59'' S;230;2016;1;7;164;264
340031;General Freire, Curicó Ad.;34&deg 57' 59'' S;230;2016;1;8;175;277
340031;General Freire, Curicó Ad.;34&deg 57' 59'' S;230;2016;1;9;147;310
340031;General Freire, Curicó Ad.;34&deg 57' 59'' S;230;2016;1;10;125;322
340031;General Freire, Curicó Ad.;34&deg 57' 59'' S;230;2016;1;11;126;278
340031;General Freire, Curicó Ad.;34&deg 57' 59'' S;230;2016;1;12;156;259
340031;General Freire, Curicó Ad.;34&deg 57' 59'' S;230;2016;1;13;131;321
340031;General Freire, Curicó Ad.;34&deg 57' 59'' S;230;2016;1;14;138;285
340031;General Freire, Curicó Ad.;34&deg 57' 59'' S;230;2016;1;15;123;311
340031;General Freire, Curicó Ad.;34&deg 57' 59'' S;230;2016;1;16;137;316
340031;General Freire, Curicó Ad.;34&deg 57' 59'' S;230;2016;1;17;149;329
340031;General Freire, Curicó Ad.;34&deg 57' 59'' S;230;2016;1;18;141;345
340031;General Freire, Curicó Ad.;34&deg 57' 59'' S;230;2016;1;19;140;325
340031;General Freire, Curicó Ad.;34&deg 57' 59'' S;230;2016;1;20;143;347
340031;General Freire, Curicó Ad.;34&deg 57' 59'' S;230;2016;1;21;152;285
340031;General Freire, Curicó Ad.;34&deg 57' 59'' S;230;2016;1;22;147;319
340031;General Freire, Curicó Ad.;34&deg 57' 59'' S;230;2016;1;23;154;276
340031;General Freire, Curicó Ad.;34&deg 57' 59'' S;230;2016;1;24;158;251
340031;General Freire, Curicó Ad.;34&deg 57' 59'' S;230;2016;1;25;140;223
340031;General Freire, Curicó Ad.;34&deg 57' 59'' S;230;2016;1;26;119;284
340031;General Freire, Curicó Ad.;34&deg 57' 59'' S;230;2016;1;27;146;271
340031;General Freire, Curicó Ad.;34&deg 57' 59'' S;230;2016;1;28;156;318
340031;General Freire, Curicó Ad.;34&deg 57' 59'' S;230;2016;1;29;139;282
340031;General Freire, Curicó Ad.;34&deg 57' 59'' S;230;2016;1;30;138;334
340031;General Freire, Curicó Ad.;34&deg 57' 59'' S;230;2016;1;31;157;323
360011;General Bernardo O'Higgins, Chillán Ad.;36&deg 35' 14'' S;151;2016;1;1;126;319
360011;General Bernardo O'Higgins, Chillán Ad.;36&deg 35' 14'' S;151;2016;1;2;115;307
360011;General Bernardo O'Higgins, Chillán Ad.;36&deg 35' 14'' S;151;2016;1;3;150;288
360011;General Bernardo O'Higgins, Chillán Ad.;36&deg 35' 14'' S;151;2016;1;4;142;305
360011;General Bernardo O'Higgins, Chillán Ad.;36&deg 35' 14'' S;151;2016;1;5;121;333
360011;General Bernardo O'Higgins, Chillán Ad.;36&deg 35' 14'' S;151;2016;1;6;125;350
360011;General Bernardo O'Higgins, Chillán Ad.;36&deg 35' 14'' S;151;2016;1;7;128;289
360011;General Bernardo O'Higgins, Chillán Ad.;36&deg 35' 14'' S;151;2016;1;8;137;278
360011;General Bernardo O'Higgins, Chillán Ad.;36&deg 35' 14'' S;151;2016;1;9;130;296
360011;General Bernardo O'Higgins, Chillán Ad.;36&deg 35' 14'' S;151;2016;1;10;96;314
360011;General Bernardo O'Higgins, Chillán Ad.;36&deg 35' 14'' S;151;2016;1;11;106;281
360011;General Bernardo O'Higgins, Chillán Ad.;36&deg 35' 14'' S;151;2016;1;12;162;258
360011;General Bernardo O'Higgins, Chillán Ad.;36&deg 35' 14'' S;151;2016;1;13;108;307
360011;General Bernardo O'Higgins, Chillán Ad.;36&deg 35' 14'' S;151;2016;1;14;102;275
360011;General Bernardo O'Higgins, Chillán Ad.;36&deg 35' 14'' S;151;2016;1;15;87;292
360011;General Bernardo O'Higgins, Chillán Ad.;36&deg 35' 14'' S;151;2016;1;16;119;308
360011;General Bernardo O'Higgins, Chillán Ad.;36&deg 35' 14'' S;151;2016;1;17;125;326
360011;General Bernardo O'Higgins, Chillán Ad.;36&deg 35' 14'' S;151;2016;1;18;110;351
360011;General Bernardo O'Higgins, Chillán Ad.;36&deg 35' 14'' S;151;2016;1;19;85;346
360011;General Bernardo O'Higgins, Chillán Ad.;36&deg 35' 14'' S;151;2016;1;20;97;354
360011;General Bernardo O'Higgins, Chillán Ad.;36&deg 35' 14'' S;151;2016;1;21;124;326
360011;General Bernardo O'Higgins, Chillán Ad.;36&deg 35' 14'' S;151;2016;1;22;136;336
360011;General Bernardo O'Higgins, Chillán Ad.;36&deg 35' 14'' S;151;2016;1;23;108;320
360011;General Bernardo O'Higgins, Chillán Ad.;36&deg 35' 14'' S;151;2016;1;24;149;224
360011;General Bernardo O'Higgins, Chillán Ad.;36&deg 35' 14'' S;151;2016;1;25;134;270
360011;General Bernardo O'Higgins, Chillán Ad.;36&deg 35' 14'' S;151;2016;1;26;109;281
360011;General Bernardo O'Higgins, Chillán Ad.;36&deg 35' 14'' S;151;2016;1;27;139;262
360011;General Bernardo O'Higgins, Chillán Ad.;36&deg 35' 14'' S;151;2016;1;28;128;291
360011;General Bernardo O'Higgins, Chillán Ad.;36&deg 35' 14'' S;151;2016;1;29;135;299
360011;General Bernardo O'Higgins, Chillán Ad.;36&deg 35' 14'' S;151;2016;1;30;137;364
360011;General Bernardo O'Higgins, Chillán Ad.;36&deg 35' 14'' S;151;2016;1;31;139;364
360019;Carriel Sur, Concepción.;36&deg 46' 42'' S;17;2016;1;1;153;215
360019;Carriel Sur, Concepción.;36&deg 46' 42'' S;17;2016;1;2;122;245
360019;Carriel Sur, Concepción.;36&deg 46' 42'' S;17;2016;1;3;154;246
360019;Carriel Sur, Concepción.;36&deg 46' 42'' S;17;2016;1;4;128;245
360019;Carriel Sur, Concepción.;36&deg 46' 42'' S;17;2016;1;5;149;270
360019;Carriel Sur, Concepción.;36&deg 46' 42'' S;17;2016;1;6;110;225
360019;Carriel Sur, Concepción.;36&deg 46' 42'' S;17;2016;1;7;142;212
360019;Carriel Sur, Concepción.;36&deg 46' 42'' S;17;2016;1;8;136;242
360019;Carriel Sur, Concepción.;36&deg 46' 42'' S;17;2016;1;9;163;224
360019;Carriel Sur, Concepción.;36&deg 46' 42'' S;17;2016;1;10;121;225
360019;Carriel Sur, Concepción.;36&deg 46' 42'' S;17;2016;1;11;136;210
360019;Carriel Sur, Concepción.;36&deg 46' 42'' S;17;2016;1;12;150;232
360019;Carriel Sur, Concepción.;36&deg 46' 42'' S;17;2016;1;13;117;253
360019;Carriel Sur, Concepción.;36&deg 46' 42'' S;17;2016;1;14;124;210
360019;Carriel Sur, Concepción.;36&deg 46' 42'' S;17;2016;1;15;129;242
360019;Carriel Sur, Concepción.;36&deg 46' 42'' S;17;2016;1;16;116;242
360019;Carriel Sur, Concepción.;36&deg 46' 42'' S;17;2016;1;17;121;267
360019;Carriel Sur, Concepción.;36&deg 46' 42'' S;17;2016;1;18;122;275
360019;Carriel Sur, Concepción.;36&deg 46' 42'' S;17;2016;1;19;122;222
360019;Carriel Sur, Concepción.;36&deg 46' 42'' S;17;2016;1;20;116;268
360019;Carriel Sur, Concepción.;36&deg 46' 42'' S;17;2016;1;21;158;230
360019;Carriel Sur, Concepción.;36&deg 46' 42'' S;17;2016;1;22;135;270
360019;Carriel Sur, Concepción.;36&deg 46' 42'' S;17;2016;1;23;132;199
360019;Carriel Sur, Concepción.;36&deg 46' 42'' S;17;2016;1;24;167;231
360019;Carriel Sur, Concepción.;36&deg 46' 42'' S;17;2016;1;25;147;238
360019;Carriel Sur, Concepción.;36&deg 46' 42'' S;17;2016;1;26;113;221
360019;Carriel Sur, Concepción.;36&deg 46' 42'' S;17;2016;1;27;155;208
360019;Carriel Sur, Concepción.;36&deg 46' 42'' S;17;2016;1;28;140;242
360019;Carriel Sur, Concepción.;36&deg 46' 42'' S;17;2016;1;29;120;253
360019;Carriel Sur, Concepción.;36&deg 46' 42'' S;17;2016;1;30;133;299
360019;Carriel Sur, Concepción.;36&deg 46' 42'' S;17;2016;1;31;139;241
370033;María Dolores, Los Angeles Ad.;37&deg 24' 10'' S;120;2016;1;1;80;320
370033;María Dolores, Los Angeles Ad.;37&deg 24' 10'' S;120;2016;1;2;120;320
370033;María Dolores, Los Angeles Ad.;37&deg 24' 10'' S;120;2016;1;3;120;272
370033;María Dolores, Los Angeles Ad.;37&deg 24' 10'' S;120;2016;1;4;115;298
370033;María Dolores, Los Angeles Ad.;37&deg 24' 10'' S;120;2016;1;5;115;346
370033;María Dolores, Los Angeles Ad.;37&deg 24' 10'' S;120;2016;1;6;110;348
370033;María Dolores, Los Angeles Ad.;37&deg 24' 10'' S;120;2016;1;7;135;294
370033;María Dolores, Los Angeles Ad.;37&deg 24' 10'' S;120;2016;1;8;136;292
370033;María Dolores, Los Angeles Ad.;37&deg 24' 10'' S;120;2016;1;9;128;292
370033;María Dolores, Los Angeles Ad.;37&deg 24' 10'' S;120;2016;1;10;116;310
370033;María Dolores, Los Angeles Ad.;37&deg 24' 10'' S;120;2016;1;11;120;270
370033;María Dolores, Los Angeles Ad.;37&deg 24' 10'' S;120;2016;1;12;144;
370033;María Dolores, Los Angeles Ad.;37&deg 24' 10'' S;120;2016;1;13;100;
370033;María Dolores, Los Angeles Ad.;37&deg 24' 10'' S;120;2016;1;14;100;250
370033;María Dolores, Los Angeles Ad.;37&deg 24' 10'' S;120;2016;1;15;82;272
370033;María Dolores, Los Angeles Ad.;37&deg 24' 10'' S;120;2016;1;16;122;296
370033;María Dolores, Los Angeles Ad.;37&deg 24' 10'' S;120;2016;1;17;130;319
370033;María Dolores, Los Angeles Ad.;37&deg 24' 10'' S;120;2016;1;18;124;360
370033;María Dolores, Los Angeles Ad.;37&deg 24' 10'' S;120;2016;1;19;158;360
370033;María Dolores, Los Angeles Ad.;37&deg 24' 10'' S;120;2016;1;20;122;370
370033;María Dolores, Los Angeles Ad.;37&deg 24' 10'' S;120;2016;1;21;120;338
370033;María Dolores, Los Angeles Ad.;37&deg 24' 10'' S;120;2016;1;22;130;330
370033;María Dolores, Los Angeles Ad.;37&deg 24' 10'' S;120;2016;1;23;120;334
370033;María Dolores, Los Angeles Ad.;37&deg 24' 10'' S;120;2016;1;24;168;203
370033;María Dolores, Los Angeles Ad.;37&deg 24' 10'' S;120;2016;1;25;114;256
370033;María Dolores, Los Angeles Ad.;37&deg 24' 10'' S;120;2016;1;26;70;265
370033;María Dolores, Los Angeles Ad.;37&deg 24' 10'' S;120;2016;1;27;130;203
370033;María Dolores, Los Angeles Ad.;37&deg 24' 10'' S;120;2016;1;28;140;290
370033;María Dolores, Los Angeles Ad.;37&deg 24' 10'' S;120;2016;1;29;126;275
370033;María Dolores, Los Angeles Ad.;37&deg 24' 10'' S;120;2016;1;30;130;367
370033;María Dolores, Los Angeles Ad.;37&deg 24' 10'' S;120;2016;1;31;165;388
380013;Maquehue, Temuco Ad.;38&deg 46' 4'' S;86;2016;1;1;104;286
380013;Maquehue, Temuco Ad.;38&deg 46' 4'' S;86;2016;1;2;90;265
380013;Maquehue, Temuco Ad.;38&deg 46' 4'' S;86;2016;1;3;105;205
380013;Maquehue, Temuco Ad.;38&deg 46' 4'' S;86;2016;1;4;56;252
380013;Maquehue, Temuco Ad.;38&deg 46' 4'' S;86;2016;1;5;39;305
380013;Maquehue, Temuco Ad.;38&deg 46' 4'' S;86;2016;1;6;81;315
380013;Maquehue, Temuco Ad.;38&deg 46' 4'' S;86;2016;1;7;104;288
380013;Maquehue, Temuco Ad.;38&deg 46' 4'' S;86;2016;1;8;136;272
380013;Maquehue, Temuco Ad.;38&deg 46' 4'' S;86;2016;1;9;93;264
380013;Maquehue, Temuco Ad.;38&deg 46' 4'' S;86;2016;1;10;136;259
380013;Maquehue, Temuco Ad.;38&deg 46' 4'' S;86;2016;1;11;134;259
380013;Maquehue, Temuco Ad.;38&deg 46' 4'' S;86;2016;1;12;;231
380013;Maquehue, Temuco Ad.;38&deg 46' 4'' S;86;2016;1;13;55;286
380013;Maquehue, Temuco Ad.;38&deg 46' 4'' S;86;2016;1;14;107;254
380013;Maquehue, Temuco Ad.;38&deg 46' 4'' S;86;2016;1;15;126;263
380013;Maquehue, Temuco Ad.;38&deg 46' 4'' S;86;2016;1;16;118;253
380013;Maquehue, Temuco Ad.;38&deg 46' 4'' S;86;2016;1;17;82;273
380013;Maquehue, Temuco Ad.;38&deg 46' 4'' S;86;2016;1;18;68;298
380013;Maquehue, Temuco Ad.;38&deg 46' 4'' S;86;2016;1;19;127;313
380013;Maquehue, Temuco Ad.;38&deg 46' 4'' S;86;2016;1;20;110;333
380013;Maquehue, Temuco Ad.;38&deg 46' 4'' S;86;2016;1;21;96;312
380013;Maquehue, Temuco Ad.;38&deg 46' 4'' S;86;2016;1;22;149;291
380013;Maquehue, Temuco Ad.;38&deg 46' 4'' S;86;2016;1;23;92;301
380013;Maquehue, Temuco Ad.;38&deg 46' 4'' S;86;2016;1;24;146;228
380013;Maquehue, Temuco Ad.;38&deg 46' 4'' S;86;2016;1;25;127;251
380013;Maquehue, Temuco Ad.;38&deg 46' 4'' S;86;2016;1;26;79;265
380013;Maquehue, Temuco Ad.;38&deg 46' 4'' S;86;2016;1;27;133;196
380013;Maquehue, Temuco Ad.;38&deg 46' 4'' S;86;2016;1;28;131;260
380013;Maquehue, Temuco Ad.;38&deg 46' 4'' S;86;2016;1;29;82;267
380013;Maquehue, Temuco Ad.;38&deg 46' 4'' S;86;2016;1;30;74;321
380013;Maquehue, Temuco Ad.;38&deg 46' 4'' S;86;2016;1;31;108;335
390006;Pichoy, Valdivia Ad.;39&deg 39' 2'' S;21;2016;1;1;82;273
390006;Pichoy, Valdivia Ad.;39&deg 39' 2'' S;21;2016;1;2;76;250
390006;Pichoy, Valdivia Ad.;39&deg 39' 2'' S;21;2016;1;3;87;225
390006;Pichoy, Valdivia Ad.;39&deg 39' 2'' S;21;2016;1;4;56;242
390006;Pichoy, Valdivia Ad.;39&deg 39' 2'' S;21;2016;1;5;46;287
390006;Pichoy, Valdivia Ad.;39&deg 39' 2'' S;21;2016;1;6;58;280
390006;Pichoy, Valdivia Ad.;39&deg 39' 2'' S;21;2016;1;7;75;292
390006;Pichoy, Valdivia Ad.;39&deg 39' 2'' S;21;2016;1;8;122;253
390006;Pichoy, Valdivia Ad.;39&deg 39' 2'' S;21;2016;1;9;85;274
390006;Pichoy, Valdivia Ad.;39&deg 39' 2'' S;21;2016;1;10;88;259
390006;Pichoy, Valdivia Ad.;39&deg 39' 2'' S;21;2016;1;11;95;267
390006;Pichoy, Valdivia Ad.;39&deg 39' 2'' S;21;2016;1;12;93;234
390006;Pichoy, Valdivia Ad.;39&deg 39' 2'' S;21;2016;1;13;55;275
390006;Pichoy, Valdivia Ad.;39&deg 39' 2'' S;21;2016;1;14;53;203
390006;Pichoy, Valdivia Ad.;39&deg 39' 2'' S;21;2016;1;15;121;230
390006;Pichoy, Valdivia Ad.;39&deg 39' 2'' S;21;2016;1;16;106;231
390006;Pichoy, Valdivia Ad.;39&deg 39' 2'' S;21;2016;1;17;51;251
390006;Pichoy, Valdivia Ad.;39&deg 39' 2'' S;21;2016;1;18;68;301
390006;Pichoy, Valdivia Ad.;39&deg 39' 2'' S;21;2016;1;19;69;299
390006;Pichoy, Valdivia Ad.;39&deg 39' 2'' S;21;2016;1;20;76;311
390006;Pichoy, Valdivia Ad.;39&deg 39' 2'' S;21;2016;1;21;73;299
390006;Pichoy, Valdivia Ad.;39&deg 39' 2'' S;21;2016;1;22;108;277
390006;Pichoy, Valdivia Ad.;39&deg 39' 2'' S;21;2016;1;23;83;283
390006;Pichoy, Valdivia Ad.;39&deg 39' 2'' S;21;2016;1;24;95;215
390006;Pichoy, Valdivia Ad.;39&deg 39' 2'' S;21;2016;1;25;105;225
390006;Pichoy, Valdivia Ad.;39&deg 39' 2'' S;21;2016;1;26;65;208
390006;Pichoy, Valdivia Ad.;39&deg 39' 2'' S;21;2016;1;27;135;214
390006;Pichoy, Valdivia Ad.;39&deg 39' 2'' S;21;2016;1;28;134;242
390006;Pichoy, Valdivia Ad.;39&deg 39' 2'' S;21;2016;1;29;93;254
390006;Pichoy, Valdivia Ad.;39&deg 39' 2'' S;21;2016;1;30;66;301
390006;Pichoy, Valdivia Ad.;39&deg 39' 2'' S;21;2016;1;31;83;332
400009;Cañal Bajo,  Osorno Ad.;40&deg 36' 18'' S;61;2016;1;1;61;273
400009;Cañal Bajo,  Osorno Ad.;40&deg 36' 18'' S;61;2016;1;2;75;242
400009;Cañal Bajo,  Osorno Ad.;40&deg 36' 18'' S;61;2016;1;3;112;215
400009;Cañal Bajo,  Osorno Ad.;40&deg 36' 18'' S;61;2016;1;4;33;225
400009;Cañal Bajo,  Osorno Ad.;40&deg 36' 18'' S;61;2016;1;5;85;251
400009;Cañal Bajo,  Osorno Ad.;40&deg 36' 18'' S;61;2016;1;6;65;253
400009;Cañal Bajo,  Osorno Ad.;40&deg 36' 18'' S;61;2016;1;7;51;290
400009;Cañal Bajo,  Osorno Ad.;40&deg 36' 18'' S;61;2016;1;8;57;260
400009;Cañal Bajo,  Osorno Ad.;40&deg 36' 18'' S;61;2016;1;9;90;273
400009;Cañal Bajo,  Osorno Ad.;40&deg 36' 18'' S;61;2016;1;10;77;260
400009;Cañal Bajo,  Osorno Ad.;40&deg 36' 18'' S;61;2016;1;11;120;230
400009;Cañal Bajo,  Osorno Ad.;40&deg 36' 18'' S;61;2016;1;12;58;217
400009;Cañal Bajo,  Osorno Ad.;40&deg 36' 18'' S;61;2016;1;13;65;267
400009;Cañal Bajo,  Osorno Ad.;40&deg 36' 18'' S;61;2016;1;14;55;245
400009;Cañal Bajo,  Osorno Ad.;40&deg 36' 18'' S;61;2016;1;15;128;230
400009;Cañal Bajo,  Osorno Ad.;40&deg 36' 18'' S;61;2016;1;16;76;235
400009;Cañal Bajo,  Osorno Ad.;40&deg 36' 18'' S;61;2016;1;17;52;250
400009;Cañal Bajo,  Osorno Ad.;40&deg 36' 18'' S;61;2016;1;18;91;270
400009;Cañal Bajo,  Osorno Ad.;40&deg 36' 18'' S;61;2016;1;19;48;298
400009;Cañal Bajo,  Osorno Ad.;40&deg 36' 18'' S;61;2016;1;20;75;313
400009;Cañal Bajo,  Osorno Ad.;40&deg 36' 18'' S;61;2016;1;21;70;310
400009;Cañal Bajo,  Osorno Ad.;40&deg 36' 18'' S;61;2016;1;22;125;258
400009;Cañal Bajo,  Osorno Ad.;40&deg 36' 18'' S;61;2016;1;23;80;280
400009;Cañal Bajo,  Osorno Ad.;40&deg 36' 18'' S;61;2016;1;24;140;237
400009;Cañal Bajo,  Osorno Ad.;40&deg 36' 18'' S;61;2016;1;25;111;230
400009;Cañal Bajo,  Osorno Ad.;40&deg 36' 18'' S;61;2016;1;26;57;250
400009;Cañal Bajo,  Osorno Ad.;40&deg 36' 18'' S;61;2016;1;27;131;217
400009;Cañal Bajo,  Osorno Ad.;40&deg 36' 18'' S;61;2016;1;28;125;237
400009;Cañal Bajo,  Osorno Ad.;40&deg 36' 18'' S;61;2016;1;29;105;240
400009;Cañal Bajo,  Osorno Ad.;40&deg 36' 18'' S;61;2016;1;30;107;275
400009;Cañal Bajo,  Osorno Ad.;40&deg 36' 18'' S;61;2016;1;31;76;296
410005;El Tepual  Puerto Montt Ap.;41&deg 26' 6'' S;85;2016;1;1;69;244
410005;El Tepual  Puerto Montt Ap.;41&deg 26' 6'' S;85;2016;1;2;105;222
410005;El Tepual  Puerto Montt Ap.;41&deg 26' 6'' S;85;2016;1;3;94;182
410005;El Tepual  Puerto Montt Ap.;41&deg 26' 6'' S;85;2016;1;4;63;192
410005;El Tepual  Puerto Montt Ap.;41&deg 26' 6'' S;85;2016;1;5;97;207
410005;El Tepual  Puerto Montt Ap.;41&deg 26' 6'' S;85;2016;1;6;85;205
410005;El Tepual  Puerto Montt Ap.;41&deg 26' 6'' S;85;2016;1;7;61;235
410005;El Tepual  Puerto Montt Ap.;41&deg 26' 6'' S;85;2016;1;8;97;241
410005;El Tepual  Puerto Montt Ap.;41&deg 26' 6'' S;85;2016;1;9;90;253
410005;El Tepual  Puerto Montt Ap.;41&deg 26' 6'' S;85;2016;1;10;103;241
410005;El Tepual  Puerto Montt Ap.;41&deg 26' 6'' S;85;2016;1;11;112;193
410005;El Tepual  Puerto Montt Ap.;41&deg 26' 6'' S;85;2016;1;12;98;196
410005;El Tepual  Puerto Montt Ap.;41&deg 26' 6'' S;85;2016;1;13;98;204
410005;El Tepual  Puerto Montt Ap.;41&deg 26' 6'' S;85;2016;1;14;77;211
410005;El Tepual  Puerto Montt Ap.;41&deg 26' 6'' S;85;2016;1;15;132;222
410005;El Tepual  Puerto Montt Ap.;41&deg 26' 6'' S;85;2016;1;16;91;211
410005;El Tepual  Puerto Montt Ap.;41&deg 26' 6'' S;85;2016;1;17;109;220
410005;El Tepual  Puerto Montt Ap.;41&deg 26' 6'' S;85;2016;1;18;89;231
410005;El Tepual  Puerto Montt Ap.;41&deg 26' 6'' S;85;2016;1;19;63;242
410005;El Tepual  Puerto Montt Ap.;41&deg 26' 6'' S;85;2016;1;20;101;258
410005;El Tepual  Puerto Montt Ap.;41&deg 26' 6'' S;85;2016;1;21;106;253
410005;El Tepual  Puerto Montt Ap.;41&deg 26' 6'' S;85;2016;1;22;144;215
410005;El Tepual  Puerto Montt Ap.;41&deg 26' 6'' S;85;2016;1;23;88;247
410005;El Tepual  Puerto Montt Ap.;41&deg 26' 6'' S;85;2016;1;24;133;193
410005;El Tepual  Puerto Montt Ap.;41&deg 26' 6'' S;85;2016;1;25;107;205
410005;El Tepual  Puerto Montt Ap.;41&deg 26' 6'' S;85;2016;1;26;75;226
410005;El Tepual  Puerto Montt Ap.;41&deg 26' 6'' S;85;2016;1;27;133;202
410005;El Tepual  Puerto Montt Ap.;41&deg 26' 6'' S;85;2016;1;28;140;200
410005;El Tepual  Puerto Montt Ap.;41&deg 26' 6'' S;85;2016;1;29;84;217
410005;El Tepual  Puerto Montt Ap.;41&deg 26' 6'' S;85;2016;1;30;98;221
410005;El Tepual  Puerto Montt Ap.;41&deg 26' 6'' S;85;2016;1;31;87;235
430002;Futaleufú Ad.;43&deg 11' 20'' S;347;2016;1;1;79;273
430002;Futaleufú Ad.;43&deg 11' 20'' S;347;2016;1;2;89;189
430002;Futaleufú Ad.;43&deg 11' 20'' S;347;2016;1;3;93;210
430002;Futaleufú Ad.;43&deg 11' 20'' S;347;2016;1;4;51;191
430002;Futaleufú Ad.;43&deg 11' 20'' S;347;2016;1;5;23;268
430002;Futaleufú Ad.;43&deg 11' 20'' S;347;2016;1;6;65;298
430002;Futaleufú Ad.;43&deg 11' 20'' S;347;2016;1;7;79;316
430002;Futaleufú Ad.;43&deg 11' 20'' S;347;2016;1;8;91;283
430002;Futaleufú Ad.;43&deg 11' 20'' S;347;2016;1;9;93;293
430002;Futaleufú Ad.;43&deg 11' 20'' S;347;2016;1;10;142;261
430002;Futaleufú Ad.;43&deg 11' 20'' S;347;2016;1;11;93;237
430002;Futaleufú Ad.;43&deg 11' 20'' S;347;2016;1;12;134;190
430002;Futaleufú Ad.;43&deg 11' 20'' S;347;2016;1;13;80;265
430002;Futaleufú Ad.;43&deg 11' 20'' S;347;2016;1;14;72;259
430002;Futaleufú Ad.;43&deg 11' 20'' S;347;2016;1;15;126;217
430002;Futaleufú Ad.;43&deg 11' 20'' S;347;2016;1;16;113;190
430002;Futaleufú Ad.;43&deg 11' 20'' S;347;2016;1;17;116;209
430002;Futaleufú Ad.;43&deg 11' 20'' S;347;2016;1;18;75;247
430002;Futaleufú Ad.;43&deg 11' 20'' S;347;2016;1;19;74;297
430002;Futaleufú Ad.;43&deg 11' 20'' S;347;2016;1;20;111;331
430002;Futaleufú Ad.;43&deg 11' 20'' S;347;2016;1;21;122;307
430002;Futaleufú Ad.;43&deg 11' 20'' S;347;2016;1;22;152;255
430002;Futaleufú Ad.;43&deg 11' 20'' S;347;2016;1;23;88;296
430002;Futaleufú Ad.;43&deg 11' 20'' S;347;2016;1;24;134;194
430002;Futaleufú Ad.;43&deg 11' 20'' S;347;2016;1;25;109;194
430002;Futaleufú Ad.;43&deg 11' 20'' S;347;2016;1;26;59;155
430002;Futaleufú Ad.;43&deg 11' 20'' S;347;2016;1;27;106;202
430002;Futaleufú Ad.;43&deg 11' 20'' S;347;2016;1;28;106;235
430002;Futaleufú Ad.;43&deg 11' 20'' S;347;2016;1;29;98;229
430002;Futaleufú Ad.;43&deg 11' 20'' S;347;2016;1;30;50;290
430002;Futaleufú Ad.;43&deg 11' 20'' S;347;2016;1;31;73;339
430004;Alto Palena Ad.;43&deg 36' 42'' S;281;2016;1;1;71;278
430004;Alto Palena Ad.;43&deg 36' 42'' S;281;2016;1;2;99;176
430004;Alto Palena Ad.;43&deg 36' 42'' S;281;2016;1;3;90;212
430004;Alto Palena Ad.;43&deg 36' 42'' S;281;2016;1;4;67;192
430004;Alto Palena Ad.;43&deg 36' 42'' S;281;2016;1;5;28;274
430004;Alto Palena Ad.;43&deg 36' 42'' S;281;2016;1;6;64;306
430004;Alto Palena Ad.;43&deg 36' 42'' S;281;2016;1;7;81;323
430004;Alto Palena Ad.;43&deg 36' 42'' S;281;2016;1;8;84;290
430004;Alto Palena Ad.;43&deg 36' 42'' S;281;2016;1;9;96;297
430004;Alto Palena Ad.;43&deg 36' 42'' S;281;2016;1;10;137;268
430004;Alto Palena Ad.;43&deg 36' 42'' S;281;2016;1;11;110;234
430004;Alto Palena Ad.;43&deg 36' 42'' S;281;2016;1;12;136;188
430004;Alto Palena Ad.;43&deg 36' 42'' S;281;2016;1;13;114;270
430004;Alto Palena Ad.;43&deg 36' 42'' S;281;2016;1;14;69;267
430004;Alto Palena Ad.;43&deg 36' 42'' S;281;2016;1;15;69;223
430004;Alto Palena Ad.;43&deg 36' 42'' S;281;2016;1;16;122;195
430004;Alto Palena Ad.;43&deg 36' 42'' S;281;2016;1;17;116;215
430004;Alto Palena Ad.;43&deg 36' 42'' S;281;2016;1;18;63;235
430004;Alto Palena Ad.;43&deg 36' 42'' S;281;2016;1;19;71;304
430004;Alto Palena Ad.;43&deg 36' 42'' S;281;2016;1;20;100;336
430004;Alto Palena Ad.;43&deg 36' 42'' S;281;2016;1;21;112;312
430004;Alto Palena Ad.;43&deg 36' 42'' S;281;2016;1;22;158;260
430004;Alto Palena Ad.;43&deg 36' 42'' S;281;2016;1;23;86;292
430004;Alto Palena Ad.;43&deg 36' 42'' S;281;2016;1;24;131;201
430004;Alto Palena Ad.;43&deg 36' 42'' S;281;2016;1;25;90;198
430004;Alto Palena Ad.;43&deg 36' 42'' S;281;2016;1;26;48;157
430004;Alto Palena Ad.;43&deg 36' 42'' S;281;2016;1;27;102;195
430004;Alto Palena Ad.;43&deg 36' 42'' S;281;2016;1;28;135;233
430004;Alto Palena Ad.;43&deg 36' 42'' S;281;2016;1;29;96;227
430004;Alto Palena Ad.;43&deg 36' 42'' S;281;2016;1;30;56;293
430004;Alto Palena Ad.;43&deg 36' 42'' S;281;2016;1;31;69;345
450001;Puerto Aysén Ad.;45&deg 23' 58'' S;11;2016;1;4;96;162
450001;Puerto Aysén Ad.;45&deg 23' 58'' S;11;2016;1;5;92;200
450001;Puerto Aysén Ad.;45&deg 23' 58'' S;11;2016;1;6;74;230
450001;Puerto Aysén Ad.;45&deg 23' 58'' S;11;2016;1;7;80;244
450001;Puerto Aysén Ad.;45&deg 23' 58'' S;11;2016;1;8;110;
450001;Puerto Aysén Ad.;45&deg 23' 58'' S;11;2016;1;11;128;
450001;Puerto Aysén Ad.;45&deg 23' 58'' S;11;2016;1;12;130;160
450001;Puerto Aysén Ad.;45&deg 23' 58'' S;11;2016;1;13;130;194
450001;Puerto Aysén Ad.;45&deg 23' 58'' S;11;2016;1;14;90;226
450001;Puerto Aysén Ad.;45&deg 23' 58'' S;11;2016;1;15;142;
450001;Puerto Aysén Ad.;45&deg 23' 58'' S;11;2016;1;18;132;
450001;Puerto Aysén Ad.;45&deg 23' 58'' S;11;2016;1;19;94;226
450001;Puerto Aysén Ad.;45&deg 23' 58'' S;11;2016;1;20;98;271
450001;Puerto Aysén Ad.;45&deg 23' 58'' S;11;2016;1;21;114;
450001;Puerto Aysén Ad.;45&deg 23' 58'' S;11;2016;1;22;156;
450001;Puerto Aysén Ad.;45&deg 23' 58'' S;11;2016;1;23;;
450001;Puerto Aysén Ad.;45&deg 23' 58'' S;11;2016;1;25;94;180
450001;Puerto Aysén Ad.;45&deg 23' 58'' S;11;2016;1;26;84;198
450001;Puerto Aysén Ad.;45&deg 23' 58'' S;11;2016;1;27;124;
450001;Puerto Aysén Ad.;45&deg 23' 58'' S;11;2016;1;28;140;185
450001;Puerto Aysén Ad.;45&deg 23' 58'' S;11;2016;1;29;132;
450001;Puerto Aysén Ad.;45&deg 23' 58'' S;11;2016;1;3;;174
450001;Puerto Aysén Ad.;45&deg 23' 58'' S;11;2016;1;10;;222
450001;Puerto Aysén Ad.;45&deg 23' 58'' S;11;2016;1;24;;170
450001;Puerto Aysén Ad.;45&deg 23' 58'' S;11;2016;1;31;;252
450004;Teniente Vidal, Coyhaique Ad.;45&deg 35' 38'' S;310;2016;1;1;71;251
450004;Teniente Vidal, Coyhaique Ad.;45&deg 35' 38'' S;310;2016;1;2;134;165
450004;Teniente Vidal, Coyhaique Ad.;45&deg 35' 38'' S;310;2016;1;3;35;176
450004;Teniente Vidal, Coyhaique Ad.;45&deg 35' 38'' S;310;2016;1;4;87;184
450004;Teniente Vidal, Coyhaique Ad.;45&deg 35' 38'' S;310;2016;1;5;41;235
450004;Teniente Vidal, Coyhaique Ad.;45&deg 35' 38'' S;310;2016;1;6;49;255
450004;Teniente Vidal, Coyhaique Ad.;45&deg 35' 38'' S;310;2016;1;7;54;306
450004;Teniente Vidal, Coyhaique Ad.;45&deg 35' 38'' S;310;2016;1;8;101;286
450004;Teniente Vidal, Coyhaique Ad.;45&deg 35' 38'' S;310;2016;1;9;106;283
450004;Teniente Vidal, Coyhaique Ad.;45&deg 35' 38'' S;310;2016;1;10;120;241
450004;Teniente Vidal, Coyhaique Ad.;45&deg 35' 38'' S;310;2016;1;11;116;193
450004;Teniente Vidal, Coyhaique Ad.;45&deg 35' 38'' S;310;2016;1;12;127;187
450004;Teniente Vidal, Coyhaique Ad.;45&deg 35' 38'' S;310;2016;1;13;114;220
450004;Teniente Vidal, Coyhaique Ad.;45&deg 35' 38'' S;310;2016;1;14;89;265
450004;Teniente Vidal, Coyhaique Ad.;45&deg 35' 38'' S;310;2016;1;15;123;217
450004;Teniente Vidal, Coyhaique Ad.;45&deg 35' 38'' S;310;2016;1;16;120;188
450004;Teniente Vidal, Coyhaique Ad.;45&deg 35' 38'' S;310;2016;1;17;115;200
450004;Teniente Vidal, Coyhaique Ad.;45&deg 35' 38'' S;310;2016;1;18;135;244
450004;Teniente Vidal, Coyhaique Ad.;45&deg 35' 38'' S;310;2016;1;19;82;255
450004;Teniente Vidal, Coyhaique Ad.;45&deg 35' 38'' S;310;2016;1;20;79;314
450004;Teniente Vidal, Coyhaique Ad.;45&deg 35' 38'' S;310;2016;1;21;130;313
450004;Teniente Vidal, Coyhaique Ad.;45&deg 35' 38'' S;310;2016;1;22;130;246
450004;Teniente Vidal, Coyhaique Ad.;45&deg 35' 38'' S;310;2016;1;23;103;228
450004;Teniente Vidal, Coyhaique Ad.;45&deg 35' 38'' S;310;2016;1;24;110;184
450004;Teniente Vidal, Coyhaique Ad.;45&deg 35' 38'' S;310;2016;1;25;78;173
450004;Teniente Vidal, Coyhaique Ad.;45&deg 35' 38'' S;310;2016;1;26;65;199
450004;Teniente Vidal, Coyhaique Ad.;45&deg 35' 38'' S;310;2016;1;27;97;229
450004;Teniente Vidal, Coyhaique Ad.;45&deg 35' 38'' S;310;2016;1;28;123;214
450004;Teniente Vidal, Coyhaique Ad.;45&deg 35' 38'' S;310;2016;1;29;129;214
450004;Teniente Vidal, Coyhaique Ad.;45&deg 35' 38'' S;310;2016;1;30;67;259
450004;Teniente Vidal, Coyhaique Ad.;45&deg 35' 38'' S;310;2016;1;31;49;308
450005;Balmaceda Ad.;45&deg 54' 46'' S;517;2016;1;1;64;231
450005;Balmaceda Ad.;45&deg 54' 46'' S;517;2016;1;2;93;168
450005;Balmaceda Ad.;45&deg 54' 46'' S;517;2016;1;3;22;157
450005;Balmaceda Ad.;45&deg 54' 46'' S;517;2016;1;4;47;176
450005;Balmaceda Ad.;45&deg 54' 46'' S;517;2016;1;5;16;215
450005;Balmaceda Ad.;45&deg 54' 46'' S;517;2016;1;6;3;240
450005;Balmaceda Ad.;45&deg 54' 46'' S;517;2016;1;7;-16;290
450005;Balmaceda Ad.;45&deg 54' 46'' S;517;2016;1;8;38;273
450005;Balmaceda Ad.;45&deg 54' 46'' S;517;2016;1;9;21;271
450005;Balmaceda Ad.;45&deg 54' 46'' S;517;2016;1;10;82;228
450005;Balmaceda Ad.;45&deg 54' 46'' S;517;2016;1;11;104;182
450005;Balmaceda Ad.;45&deg 54' 46'' S;517;2016;1;12;97;172
450005;Balmaceda Ad.;45&deg 54' 46'' S;517;2016;1;13;96;206
450005;Balmaceda Ad.;45&deg 54' 46'' S;517;2016;1;14;60;242
450005;Balmaceda Ad.;45&deg 54' 46'' S;517;2016;1;15;74;224
450005;Balmaceda Ad.;45&deg 54' 46'' S;517;2016;1;16;100;175
450005;Balmaceda Ad.;45&deg 54' 46'' S;517;2016;1;17;92;197
450005;Balmaceda Ad.;45&deg 54' 46'' S;517;2016;1;18;76;219
450005;Balmaceda Ad.;45&deg 54' 46'' S;517;2016;1;19;23;235
450005;Balmaceda Ad.;45&deg 54' 46'' S;517;2016;1;20;27;290
450005;Balmaceda Ad.;45&deg 54' 46'' S;517;2016;1;21;74;298
450005;Balmaceda Ad.;45&deg 54' 46'' S;517;2016;1;22;136;238
450005;Balmaceda Ad.;45&deg 54' 46'' S;517;2016;1;23;55;208
450005;Balmaceda Ad.;45&deg 54' 46'' S;517;2016;1;24;89;171
450005;Balmaceda Ad.;45&deg 54' 46'' S;517;2016;1;25;56;171
450005;Balmaceda Ad.;45&deg 54' 46'' S;517;2016;1;26;55;203
450005;Balmaceda Ad.;45&deg 54' 46'' S;517;2016;1;27;68;215
450005;Balmaceda Ad.;45&deg 54' 46'' S;517;2016;1;28;113;198
450005;Balmaceda Ad.;45&deg 54' 46'' S;517;2016;1;29;107;203
450005;Balmaceda Ad.;45&deg 54' 46'' S;517;2016;1;30;-11;242
450005;Balmaceda Ad.;45&deg 54' 46'' S;517;2016;1;31;-16;301
460001;Chile Chico Ad.;46&deg 34' 51'' S;306;2016;1;1;44;255
460001;Chile Chico Ad.;46&deg 34' 51'' S;306;2016;1;2;96;215
460001;Chile Chico Ad.;46&deg 34' 51'' S;306;2016;1;3;5;198
460001;Chile Chico Ad.;46&deg 34' 51'' S;306;2016;1;4;31;211
460001;Chile Chico Ad.;46&deg 34' 51'' S;306;2016;1;5;26;287
460001;Chile Chico Ad.;46&deg 34' 51'' S;306;2016;1;6;112;255
460001;Chile Chico Ad.;46&deg 34' 51'' S;306;2016;1;7;65;318
460001;Chile Chico Ad.;46&deg 34' 51'' S;306;2016;1;8;106;266
460001;Chile Chico Ad.;46&deg 34' 51'' S;306;2016;1;9;79;303
460001;Chile Chico Ad.;46&deg 34' 51'' S;306;2016;1;10;117;284
460001;Chile Chico Ad.;46&deg 34' 51'' S;306;2016;1;11;58;232
460001;Chile Chico Ad.;46&deg 34' 51'' S;306;2016;1;12;145;232
460001;Chile Chico Ad.;46&deg 34' 51'' S;306;2016;1;13;121;268
460001;Chile Chico Ad.;46&deg 34' 51'' S;306;2016;1;14;67;279
460001;Chile Chico Ad.;46&deg 34' 51'' S;306;2016;1;15;108;226
460001;Chile Chico Ad.;46&deg 34' 51'' S;306;2016;1;16;78;219
460001;Chile Chico Ad.;46&deg 34' 51'' S;306;2016;1;17;94;236
460001;Chile Chico Ad.;46&deg 34' 51'' S;306;2016;1;18;58;267
460001;Chile Chico Ad.;46&deg 34' 51'' S;306;2016;1;19;72;265
460001;Chile Chico Ad.;46&deg 34' 51'' S;306;2016;1;20;97;312
460001;Chile Chico Ad.;46&deg 34' 51'' S;306;2016;1;21;114;324
460001;Chile Chico Ad.;46&deg 34' 51'' S;306;2016;1;22;135;286
460001;Chile Chico Ad.;46&deg 34' 51'' S;306;2016;1;23;112;265
460001;Chile Chico Ad.;46&deg 34' 51'' S;306;2016;1;24;111;200
460001;Chile Chico Ad.;46&deg 34' 51'' S;306;2016;1;25;68;209
460001;Chile Chico Ad.;46&deg 34' 51'' S;306;2016;1;26;33;239
460001;Chile Chico Ad.;46&deg 34' 51'' S;306;2016;1;27;73;252
460001;Chile Chico Ad.;46&deg 34' 51'' S;306;2016;1;28;87;253
460001;Chile Chico Ad.;46&deg 34' 51'' S;306;2016;1;29;86;239
460001;Chile Chico Ad.;46&deg 34' 51'' S;306;2016;1;30;50;262
460001;Chile Chico Ad.;46&deg 34' 51'' S;306;2016;1;31;59;269
470001;Lord Cochrane Ad.;47&deg 14' 38'' S;204;2016;1;1;80;234
470001;Lord Cochrane Ad.;47&deg 14' 38'' S;204;2016;1;2;122;180
470001;Lord Cochrane Ad.;47&deg 14' 38'' S;204;2016;1;3;40;187
470001;Lord Cochrane Ad.;47&deg 14' 38'' S;204;2016;1;4;61;200
470001;Lord Cochrane Ad.;47&deg 14' 38'' S;204;2016;1;5;69;218
470001;Lord Cochrane Ad.;47&deg 14' 38'' S;204;2016;1;6;80;243
470001;Lord Cochrane Ad.;47&deg 14' 38'' S;204;2016;1;7;64;259
470001;Lord Cochrane Ad.;47&deg 14' 38'' S;204;2016;1;8;110;282
470001;Lord Cochrane Ad.;47&deg 14' 38'' S;204;2016;1;9;108;272
470001;Lord Cochrane Ad.;47&deg 14' 38'' S;204;2016;1;10;148;260
470001;Lord Cochrane Ad.;47&deg 14' 38'' S;204;2016;1;11;100;210
470001;Lord Cochrane Ad.;47&deg 14' 38'' S;204;2016;1;12;115;212
470001;Lord Cochrane Ad.;47&deg 14' 38'' S;204;2016;1;13;113;223
470001;Lord Cochrane Ad.;47&deg 14' 38'' S;204;2016;1;14;108;256
470001;Lord Cochrane Ad.;47&deg 14' 38'' S;204;2016;1;15;107;
470001;Lord Cochrane Ad.;47&deg 14' 38'' S;204;2016;1;16;120;218
470001;Lord Cochrane Ad.;47&deg 14' 38'' S;204;2016;1;17;108;232
470001;Lord Cochrane Ad.;47&deg 14' 38'' S;204;2016;1;18;88;242
470001;Lord Cochrane Ad.;47&deg 14' 38'' S;204;2016;1;19;83;282
470001;Lord Cochrane Ad.;47&deg 14' 38'' S;204;2016;1;20;112;305
470001;Lord Cochrane Ad.;47&deg 14' 38'' S;204;2016;1;21;123;311
470001;Lord Cochrane Ad.;47&deg 14' 38'' S;204;2016;1;22;170;260
470001;Lord Cochrane Ad.;47&deg 14' 38'' S;204;2016;1;23;114;216
470001;Lord Cochrane Ad.;47&deg 14' 38'' S;204;2016;1;24;99;193
470001;Lord Cochrane Ad.;47&deg 14' 38'' S;204;2016;1;25;80;202
470001;Lord Cochrane Ad.;47&deg 14' 38'' S;204;2016;1;26;48;237
470001;Lord Cochrane Ad.;47&deg 14' 38'' S;204;2016;1;27;100;239
470001;Lord Cochrane Ad.;47&deg 14' 38'' S;204;2016;1;28;131;251
470001;Lord Cochrane Ad.;47&deg 14' 38'' S;204;2016;1;29;92;222
470001;Lord Cochrane Ad.;47&deg 14' 38'' S;204;2016;1;30;62;260
470001;Lord Cochrane Ad.;47&deg 14' 38'' S;204;2016;1;31;70;309
510005;Teniente Gallardo, Puerto Natales Ad.;51&deg 40' 2'' S;69;2016;1;1;23;228
510005;Teniente Gallardo, Puerto Natales Ad.;51&deg 40' 2'' S;69;2016;1;2;73;166
510005;Teniente Gallardo, Puerto Natales Ad.;51&deg 40' 2'' S;69;2016;1;3;4;143
510005;Teniente Gallardo, Puerto Natales Ad.;51&deg 40' 2'' S;69;2016;1;4;44;179
510005;Teniente Gallardo, Puerto Natales Ad.;51&deg 40' 2'' S;69;2016;1;5;102;179
510005;Teniente Gallardo, Puerto Natales Ad.;51&deg 40' 2'' S;69;2016;1;6;36;156
510005;Teniente Gallardo, Puerto Natales Ad.;51&deg 40' 2'' S;69;2016;1;7;65;205
510005;Teniente Gallardo, Puerto Natales Ad.;51&deg 40' 2'' S;69;2016;1;8;48;200
510005;Teniente Gallardo, Puerto Natales Ad.;51&deg 40' 2'' S;69;2016;1;9;80;204
510005;Teniente Gallardo, Puerto Natales Ad.;51&deg 40' 2'' S;69;2016;1;10;80;174
510005;Teniente Gallardo, Puerto Natales Ad.;51&deg 40' 2'' S;69;2016;1;11;119;175
510005;Teniente Gallardo, Puerto Natales Ad.;51&deg 40' 2'' S;69;2016;1;12;40;180
510005;Teniente Gallardo, Puerto Natales Ad.;51&deg 40' 2'' S;69;2016;1;13;9;164
510005;Teniente Gallardo, Puerto Natales Ad.;51&deg 40' 2'' S;69;2016;1;14;87;198
510005;Teniente Gallardo, Puerto Natales Ad.;51&deg 40' 2'' S;69;2016;1;15;-4;227
510005;Teniente Gallardo, Puerto Natales Ad.;51&deg 40' 2'' S;69;2016;1;16;109;189
510005;Teniente Gallardo, Puerto Natales Ad.;51&deg 40' 2'' S;69;2016;1;17;34;196
510005;Teniente Gallardo, Puerto Natales Ad.;51&deg 40' 2'' S;69;2016;1;18;40;187
510005;Teniente Gallardo, Puerto Natales Ad.;51&deg 40' 2'' S;69;2016;1;19;56;192
510005;Teniente Gallardo, Puerto Natales Ad.;51&deg 40' 2'' S;69;2016;1;20;23;246
510005;Teniente Gallardo, Puerto Natales Ad.;51&deg 40' 2'' S;69;2016;1;21;99;232
510005;Teniente Gallardo, Puerto Natales Ad.;51&deg 40' 2'' S;69;2016;1;22;80;167
510005;Teniente Gallardo, Puerto Natales Ad.;51&deg 40' 2'' S;69;2016;1;23;79;206
510005;Teniente Gallardo, Puerto Natales Ad.;51&deg 40' 2'' S;69;2016;1;24;70;109
510005;Teniente Gallardo, Puerto Natales Ad.;51&deg 40' 2'' S;69;2016;1;25;54;160
510005;Teniente Gallardo, Puerto Natales Ad.;51&deg 40' 2'' S;69;2016;1;26;72;164
510005;Teniente Gallardo, Puerto Natales Ad.;51&deg 40' 2'' S;69;2016;1;27;69;208
510005;Teniente Gallardo, Puerto Natales Ad.;51&deg 40' 2'' S;69;2016;1;28;82;214
510005;Teniente Gallardo, Puerto Natales Ad.;51&deg 40' 2'' S;69;2016;1;29;74;180
510005;Teniente Gallardo, Puerto Natales Ad.;51&deg 40' 2'' S;69;2016;1;30;70;219
510005;Teniente Gallardo, Puerto Natales Ad.;51&deg 40' 2'' S;69;2016;1;31;86;248
520006;Carlos Ibañez, Punta Arenas Ap.;53&deg 0' 12'' S;38;2016;1;1;69;162
520006;Carlos Ibañez, Punta Arenas Ap.;53&deg 0' 12'' S;38;2016;1;2;97;170
520006;Carlos Ibañez, Punta Arenas Ap.;53&deg 0' 12'' S;38;2016;1;3;65;148
520006;Carlos Ibañez, Punta Arenas Ap.;53&deg 0' 12'' S;38;2016;1;4;77;163
520006;Carlos Ibañez, Punta Arenas Ap.;53&deg 0' 12'' S;38;2016;1;5;95;169
520006;Carlos Ibañez, Punta Arenas Ap.;53&deg 0' 12'' S;38;2016;1;6;56;127
520006;Carlos Ibañez, Punta Arenas Ap.;53&deg 0' 12'' S;38;2016;1;7;87;155
520006;Carlos Ibañez, Punta Arenas Ap.;53&deg 0' 12'' S;38;2016;1;8;49;128
520006;Carlos Ibañez, Punta Arenas Ap.;53&deg 0' 12'' S;38;2016;1;9;72;163
520006;Carlos Ibañez, Punta Arenas Ap.;53&deg 0' 12'' S;38;2016;1;10;73;134
520006;Carlos Ibañez, Punta Arenas Ap.;53&deg 0' 12'' S;38;2016;1;11;73;123
520006;Carlos Ibañez, Punta Arenas Ap.;53&deg 0' 12'' S;38;2016;1;12;22;102
520006;Carlos Ibañez, Punta Arenas Ap.;53&deg 0' 12'' S;38;2016;1;13;50;125
520006;Carlos Ibañez, Punta Arenas Ap.;53&deg 0' 12'' S;38;2016;1;14;17;127
520006;Carlos Ibañez, Punta Arenas Ap.;53&deg 0' 12'' S;38;2016;1;15;12;182
520006;Carlos Ibañez, Punta Arenas Ap.;53&deg 0' 12'' S;38;2016;1;16;25;148
520006;Carlos Ibañez, Punta Arenas Ap.;53&deg 0' 12'' S;38;2016;1;17;67;163
520006;Carlos Ibañez, Punta Arenas Ap.;53&deg 0' 12'' S;38;2016;1;18;93;167
520006;Carlos Ibañez, Punta Arenas Ap.;53&deg 0' 12'' S;38;2016;1;19;89;171
520006;Carlos Ibañez, Punta Arenas Ap.;53&deg 0' 12'' S;38;2016;1;20;59;197
520006;Carlos Ibañez, Punta Arenas Ap.;53&deg 0' 12'' S;38;2016;1;21;102;154
520006;Carlos Ibañez, Punta Arenas Ap.;53&deg 0' 12'' S;38;2016;1;22;53;158
520006;Carlos Ibañez, Punta Arenas Ap.;53&deg 0' 12'' S;38;2016;1;23;75;167
520006;Carlos Ibañez, Punta Arenas Ap.;53&deg 0' 12'' S;38;2016;1;24;81;115
520006;Carlos Ibañez, Punta Arenas Ap.;53&deg 0' 12'' S;38;2016;1;25;61;138
520006;Carlos Ibañez, Punta Arenas Ap.;53&deg 0' 12'' S;38;2016;1;26;80;153
520006;Carlos Ibañez, Punta Arenas Ap.;53&deg 0' 12'' S;38;2016;1;27;78;192
520006;Carlos Ibañez, Punta Arenas Ap.;53&deg 0' 12'' S;38;2016;1;28;80;212
520006;Carlos Ibañez, Punta Arenas Ap.;53&deg 0' 12'' S;38;2016;1;29;94;166
520006;Carlos Ibañez, Punta Arenas Ap.;53&deg 0' 12'' S;38;2016;1;30;86;191
520006;Carlos Ibañez, Punta Arenas Ap.;53&deg 0' 12'' S;38;2016;1;31;122;206
530005;Fuentes Martínez, Porvenir Ad.;53&deg 15' 13'' S;25;2016;1;2;106;
530005;Fuentes Martínez, Porvenir Ad.;53&deg 15' 13'' S;25;2016;1;4;94;164
530005;Fuentes Martínez, Porvenir Ad.;53&deg 15' 13'' S;25;2016;1;5;93;158
530005;Fuentes Martínez, Porvenir Ad.;53&deg 15' 13'' S;25;2016;1;6;58;142
530005;Fuentes Martínez, Porvenir Ad.;53&deg 15' 13'' S;25;2016;1;7;94;158
530005;Fuentes Martínez, Porvenir Ad.;53&deg 15' 13'' S;25;2016;1;8;49;118
530005;Fuentes Martínez, Porvenir Ad.;53&deg 15' 13'' S;25;2016;1;9;41;165
530005;Fuentes Martínez, Porvenir Ad.;53&deg 15' 13'' S;25;2016;1;10;71;143
530005;Fuentes Martínez, Porvenir Ad.;53&deg 15' 13'' S;25;2016;1;11;70;112
530005;Fuentes Martínez, Porvenir Ad.;53&deg 15' 13'' S;25;2016;1;12;27;104
530005;Fuentes Martínez, Porvenir Ad.;53&deg 15' 13'' S;25;2016;1;13;47;131
530005;Fuentes Martínez, Porvenir Ad.;53&deg 15' 13'' S;25;2016;1;14;39;125
530005;Fuentes Martínez, Porvenir Ad.;53&deg 15' 13'' S;25;2016;1;15;-20;202
530005;Fuentes Martínez, Porvenir Ad.;53&deg 15' 13'' S;25;2016;1;16;59;159
530005;Fuentes Martínez, Porvenir Ad.;53&deg 15' 13'' S;25;2016;1;17;77;164
530005;Fuentes Martínez, Porvenir Ad.;53&deg 15' 13'' S;25;2016;1;18;80;159
530005;Fuentes Martínez, Porvenir Ad.;53&deg 15' 13'' S;25;2016;1;19;44;163
530005;Fuentes Martínez, Porvenir Ad.;53&deg 15' 13'' S;25;2016;1;20;36;200
530005;Fuentes Martínez, Porvenir Ad.;53&deg 15' 13'' S;25;2016;1;21;107;163
530005;Fuentes Martínez, Porvenir Ad.;53&deg 15' 13'' S;25;2016;1;22;49;151
530005;Fuentes Martínez, Porvenir Ad.;53&deg 15' 13'' S;25;2016;1;23;41;175
530005;Fuentes Martínez, Porvenir Ad.;53&deg 15' 13'' S;25;2016;1;24;89;116
530005;Fuentes Martínez, Porvenir Ad.;53&deg 15' 13'' S;25;2016;1;25;61;140
530005;Fuentes Martínez, Porvenir Ad.;53&deg 15' 13'' S;25;2016;1;26;81;153
530005;Fuentes Martínez, Porvenir Ad.;53&deg 15' 13'' S;25;2016;1;27;85;194
530005;Fuentes Martínez, Porvenir Ad.;53&deg 15' 13'' S;25;2016;1;28;79;210
530005;Fuentes Martínez, Porvenir Ad.;53&deg 15' 13'' S;25;2016;1;29;103;175
530005;Fuentes Martínez, Porvenir Ad.;53&deg 15' 13'' S;25;2016;1;30;68;189
530005;Fuentes Martínez, Porvenir Ad.;53&deg 15' 13'' S;25;2016;1;31;125;204
530005;Fuentes Martínez, Porvenir Ad.;53&deg 15' 13'' S;25;2016;1;1;;210
530005;Fuentes Martínez, Porvenir Ad.;53&deg 15' 13'' S;25;2016;1;3;;142
550001;Guardia Marina Zañartu, Pto Williams Ad.;54&deg 55' 54'' S;15;2016;1;1;93;183
550001;Guardia Marina Zañartu, Pto Williams Ad.;54&deg 55' 54'' S;15;2016;1;2;89;185
550001;Guardia Marina Zañartu, Pto Williams Ad.;54&deg 55' 54'' S;15;2016;1;3;45;124
550001;Guardia Marina Zañartu, Pto Williams Ad.;54&deg 55' 54'' S;15;2016;1;4;67;146
550001;Guardia Marina Zañartu, Pto Williams Ad.;54&deg 55' 54'' S;15;2016;1;5;84;153
550001;Guardia Marina Zañartu, Pto Williams Ad.;54&deg 55' 54'' S;15;2016;1;6;51;125
550001;Guardia Marina Zañartu, Pto Williams Ad.;54&deg 55' 54'' S;15;2016;1;7;96;103
550001;Guardia Marina Zañartu, Pto Williams Ad.;54&deg 55' 54'' S;15;2016;1;8;25;113
550001;Guardia Marina Zañartu, Pto Williams Ad.;54&deg 55' 54'' S;15;2016;1;9;54;167
550001;Guardia Marina Zañartu, Pto Williams Ad.;54&deg 55' 54'' S;15;2016;1;10;49;123
550001;Guardia Marina Zañartu, Pto Williams Ad.;54&deg 55' 54'' S;15;2016;1;11;53;78
550001;Guardia Marina Zañartu, Pto Williams Ad.;54&deg 55' 54'' S;15;2016;1;12;2;73
550001;Guardia Marina Zañartu, Pto Williams Ad.;54&deg 55' 54'' S;15;2016;1;13;28;105
550001;Guardia Marina Zañartu, Pto Williams Ad.;54&deg 55' 54'' S;15;2016;1;14;52;96
550001;Guardia Marina Zañartu, Pto Williams Ad.;54&deg 55' 54'' S;15;2016;1;15;23;141
550001;Guardia Marina Zañartu, Pto Williams Ad.;54&deg 55' 54'' S;15;2016;1;16;45;130
550001;Guardia Marina Zañartu, Pto Williams Ad.;54&deg 55' 54'' S;15;2016;1;17;64;131
550001;Guardia Marina Zañartu, Pto Williams Ad.;54&deg 55' 54'' S;15;2016;1;18;92;128
550001;Guardia Marina Zañartu, Pto Williams Ad.;54&deg 55' 54'' S;15;2016;1;19;85;122
550001;Guardia Marina Zañartu, Pto Williams Ad.;54&deg 55' 54'' S;15;2016;1;20;81;147
550001;Guardia Marina Zañartu, Pto Williams Ad.;54&deg 55' 54'' S;15;2016;1;21;108;132
550001;Guardia Marina Zañartu, Pto Williams Ad.;54&deg 55' 54'' S;15;2016;1;22;56;122
550001;Guardia Marina Zañartu, Pto Williams Ad.;54&deg 55' 54'' S;15;2016;1;23;30;124
550001;Guardia Marina Zañartu, Pto Williams Ad.;54&deg 55' 54'' S;15;2016;1;24;58;125
550001;Guardia Marina Zañartu, Pto Williams Ad.;54&deg 55' 54'' S;15;2016;1;25;69;121
550001;Guardia Marina Zañartu, Pto Williams Ad.;54&deg 55' 54'' S;15;2016;1;26;58;178
550001;Guardia Marina Zañartu, Pto Williams Ad.;54&deg 55' 54'' S;15;2016;1;27;72;178
550001;Guardia Marina Zañartu, Pto Williams Ad.;54&deg 55' 54'' S;15;2016;1;28;64;198
550001;Guardia Marina Zañartu, Pto Williams Ad.;54&deg 55' 54'' S;15;2016;1;29;93;179
550001;Guardia Marina Zañartu, Pto Williams Ad.;54&deg 55' 54'' S;15;2016;1;30;37;179
550001;Guardia Marina Zañartu, Pto Williams Ad.;54&deg 55' 54'' S;15;2016;1;31;81;200
950001;C.M.A. Eduardo Frei Montalva, Antártica ;62&deg 11' 35'' S;45;2016;1;1;1;33
950001;C.M.A. Eduardo Frei Montalva, Antártica ;62&deg 11' 35'' S;45;2016;1;2;17;49
950001;C.M.A. Eduardo Frei Montalva, Antártica ;62&deg 11' 35'' S;45;2016;1;3;3;46
950001;C.M.A. Eduardo Frei Montalva, Antártica ;62&deg 11' 35'' S;45;2016;1;4;-3;13
950001;C.M.A. Eduardo Frei Montalva, Antártica ;62&deg 11' 35'' S;45;2016;1;5;-9;8
950001;C.M.A. Eduardo Frei Montalva, Antártica ;62&deg 11' 35'' S;45;2016;1;6;-5;11
950001;C.M.A. Eduardo Frei Montalva, Antártica ;62&deg 11' 35'' S;45;2016;1;7;-7;19
950001;C.M.A. Eduardo Frei Montalva, Antártica ;62&deg 11' 35'' S;45;2016;1;8;-28;27
950001;C.M.A. Eduardo Frei Montalva, Antártica ;62&deg 11' 35'' S;45;2016;1;9;-15;11
950001;C.M.A. Eduardo Frei Montalva, Antártica ;62&deg 11' 35'' S;45;2016;1;10;-13;3
950001;C.M.A. Eduardo Frei Montalva, Antártica ;62&deg 11' 35'' S;45;2016;1;11;-36;-10
950001;C.M.A. Eduardo Frei Montalva, Antártica ;62&deg 11' 35'' S;45;2016;1;12;-26;1
950001;C.M.A. Eduardo Frei Montalva, Antártica ;62&deg 11' 35'' S;45;2016;1;13;-37;1
950001;C.M.A. Eduardo Frei Montalva, Antártica ;62&deg 11' 35'' S;45;2016;1;14;-28;17
950001;C.M.A. Eduardo Frei Montalva, Antártica ;62&deg 11' 35'' S;45;2016;1;15;-2;27
950001;C.M.A. Eduardo Frei Montalva, Antártica ;62&deg 11' 35'' S;45;2016;1;16;-20;10
950001;C.M.A. Eduardo Frei Montalva, Antártica ;62&deg 11' 35'' S;45;2016;1;17;-19;5
950001;C.M.A. Eduardo Frei Montalva, Antártica ;62&deg 11' 35'' S;45;2016;1;18;-20;19
950001;C.M.A. Eduardo Frei Montalva, Antártica ;62&deg 11' 35'' S;45;2016;1;19;-7;8
950001;C.M.A. Eduardo Frei Montalva, Antártica ;62&deg 11' 35'' S;45;2016;1;20;-9;12
950001;C.M.A. Eduardo Frei Montalva, Antártica ;62&deg 11' 35'' S;45;2016;1;21;1;16
950001;C.M.A. Eduardo Frei Montalva, Antártica ;62&deg 11' 35'' S;45;2016;1;22;-7;14
950001;C.M.A. Eduardo Frei Montalva, Antártica ;62&deg 11' 35'' S;45;2016;1;23;-4;16
950001;C.M.A. Eduardo Frei Montalva, Antártica ;62&deg 11' 35'' S;45;2016;1;24;-15;10
950001;C.M.A. Eduardo Frei Montalva, Antártica ;62&deg 11' 35'' S;45;2016;1;25;-19;0
950001;C.M.A. Eduardo Frei Montalva, Antártica ;62&deg 11' 35'' S;45;2016;1;26;-12;3
950001;C.M.A. Eduardo Frei Montalva, Antártica ;62&deg 11' 35'' S;45;2016;1;27;-11;24
950001;C.M.A. Eduardo Frei Montalva, Antártica ;62&deg 11' 35'' S;45;2016;1;28;-4;30
950001;C.M.A. Eduardo Frei Montalva, Antártica ;62&deg 11' 35'' S;45;2016;1;29;13;36
950001;C.M.A. Eduardo Frei Montalva, Antártica ;62&deg 11' 35'' S;45;2016;1;30;10;42
950001;C.M.A. Eduardo Frei Montalva, Antártica ;62&deg 11' 35'' S;45;2016;1;31;11;29
